53 300
control 0.0157479 -0.10157622 0.09185775 -0.07644732 0.02204561 0.058806285 0.030595941 -0.006650002 -0.08076659 -0.064156614 -0.028771944 -0.060765818 -0.058022927 -0.006340008 0.04890961 0.0026735805 -0.032836724 -0.08099764 -0.029488062 0.049796376 0.008798099 0.0012323365 -0.01947912 0.0758485 0.117514074 -0.041333318 -0.016597671 -0.05639142 -0.01845026 -0.010938247 -0.03852816 0.008018054 -0.043971527 -0.043949228 0.044779785 0.047031227 0.03076229 0.0072344034 0.056919374 0.023099499 -0.04101256 0.02323717 -2.4503206e-05 -0.06305269 0.049072523 -0.020085894 -0.044311132 -0.0002776825 -0.06208593 -0.0152437035 0.031884637 -0.019123212 0.036304086 -0.10341204 -0.032384623 -0.03769583 0.019571504 -0.0021983702 0.088601135 0.012131891 -0.084996276 -0.073010676 0.06918724 0.03015267 0.0053068977 0.015736278 -0.03017418 0.06050363 -0.06935704 0.042107355 0.060493004 -0.046374477 -0.0005518657 0.007275576 -0.09012547 -0.05959718 -0.00032321436 0.05165635 0.05304531 -0.11392724 0.0032009662 -0.075302064 -0.08905298 -0.040915236 -0.092908524 0.099980995 -0.084874325 -0.029278124 0.0010946695 0.042388745 0.03574442 0.010714607 0.108361065 0.036254227 0.014084909 0.04338802 -0.0736032 0.03301081 -0.024467634 0.11298327 0.004347799 -0.09549722 0.049630783 -0.014804341 0.03779142 0.007180823 0.13591626 0.038440544 -0.022408692 0.039476976 -0.047985952 0.025083808 0.0121649355 -0.009673469 0.047477584 -0.056054212 0.07193763 -0.009275474 -0.12558635 -0.07942752 -0.03169315 0.079363555 0.11676643 0.028617162 -0.093139395 0.114009745 0.018675609 -0.05881432 -0.03813556 -0.016985476 -0.014230149 -0.13085775 0.06811 0.029095516 0.042867318 -0.05705709 0.019809956 0.073494434 -0.12228749 0.012919216 0.06438657 0.02628325 0.15905091 0.068037674 0.07459399 -0.08391671 -0.04402855 0.106227085 -0.060918394 -0.035679832 -0.005374679 0.003672755 -0.07469319 -0.08952761 -0.08149964 -0.04855902 0.0043019326 0.0006338862 0.09763523 0.022984168 -0.06497381 0.059544656 0.03684952 -0.06304578 -0.009173438 0.0664667 -0.072806835 -0.04843119 0.02672134 0.052232336 -0.044410214 0.04397954 -0.031598136 -0.05807159 -0.050847583 0.06760687 0.0019075252 -0.0137046175 0.03233478 0.0241909 0.032030147 -0.004954672 0.0645506 -0.13053633 -0.03849047 0.063136704 0.108026646 0.059557043 0.050383627 0.015106891 -0.03043997 0.09571683 0.10052308 0.0027699894 -0.074184604 -0.034370713 -0.095877774 0.006809341 -0.015287686 -0.056617435 -0.051770303 -0.041938804 -0.027804531 -0.020540336 -0.032216545 0.044710174 0.0468219 -0.013986018 -0.030117992 -0.02135685 0.09133557 -0.0127425445 -0.0486538 0.053830262 -0.04381541 0.074770905 -0.0965441 0.037276737 -0.015917737 -0.032836348 0.029654235 -0.0032956859 -0.09825811 -0.039228454 0.12745015 -0.026427908 0.039680284 -0.085518435 0.016816963 -0.062199023 -0.012667819 0.014032964 0.020753324 -0.119421996 0.025246365 0.0833038 0.1332508 -0.005684373 0.032378703 0.056754585 0.08137255 0.03140353 -0.09237864 -0.0859752 0.064087234 0.016862648 0.028444981 -0.051356167 0.06245231 -0.037391502 0.04833596 -0.0568425 -0.005957539 0.04332172 -0.05863947 0.020378182 0.02219228 0.04665196 0.05050779 0.08033519 -0.060008593 0.037696566 -0.066919506 0.039455183 0.07926535 -0.0352188 0.060381856 -0.020993298 -0.08240883 0.003891409 -0.018520093 -0.00427335 -0.0020447036 -0.020848986 0.030318355 -0.19044043 0.03710844 0.017339937 -0.043588117 -0.025046341 0.03052833 0.06297089 0.08261752 -0.019190947 0.06839264 -0.053128485 0.0036888344 -0.029023498 0.030731918 -0.03998296 0.03242112 -0.07902384 -0.09490599 -0.019449327 -0.046949252 -0.05600528 0.045448516 0.039269403 -0.027387654 0.03637334
freedom 0.11393728 -0.09397526 0.057996824 0.043921266 -0.04474741 -0.09026337 0.009768377 -0.026704283 0.047355812 -0.0433917 -0.04623774 -0.062135965 -0.0058209677 0.066642486 0.096995294 0.071629904 -0.054490134 -0.058909878 -0.008742337 -0.072010905 -0.04992277 0.11245502 -0.004301784 0.03561741 -0.05526324 0.014975123 -0.03882185 0.029414214 0.08596643 0.03885911 0.0041275434 0.012682949 -0.06558706 0.112299636 -0.0051987637 0.0457415 -0.026834881 0.045562617 0.03098431 -0.020225704 -0.07068494 -0.008669767 -0.039696537 -0.04309576 0.08706483 0.10147046 0.039322913 0.043172162 -0.07736822 -0.049473543 0.009689914 -0.0092813205 0.05277915 -0.035819385 0.010590276 -0.013453293 0.00454618 -0.032712843 0.12937811 -0.03419241 -0.09386794 0.061039414 -0.081455156 0.018592078 -0.031522084 -0.059871774 -0.007581888 0.00293241 -0.088991016 0.056664567 -0.0038622539 -0.06293994 -0.014631044 0.035124157 -0.077454746 -0.050291885 -0.020221334 0.14728445 -0.04618572 -0.015039817 -0.011617647 -0.055925917 0.06343645 -0.02991965 -0.08763234 0.013318513 0.0053119706 -0.04069555 -0.020848267 -0.011280163 0.020946108 0.012890207 0.052688036 0.004482186 -0.04976566 -0.04440597 -0.08895829 0.042337585 0.014688104 0.029296959 -0.00013281594 0.06971247 0.049912754 0.039807692 0.0028389774 0.103283875 0.015374017 -0.08592679 0.0040608216 -0.060135722 0.12627374 -0.09452167 -0.11227103 0.0375778 0.060880277 -0.07365899 0.0027765261 -0.048422452 -0.009982599 -0.0347443 0.019156095 0.0006923281 -0.05526129 0.0017164771 -0.028300025 0.06771843 -0.015191889 -0.021265183 0.06653374 0.04282866 -0.030908793 -0.025544144 0.045038234 -0.08473959 -0.058798436 0.013525753 0.050727006 0.026617056 -0.115033574 -0.01888406 0.14845958 0.0039204317 -0.024769122 -0.0050732326 -0.036734235 -0.08903253 -0.13665059 -0.009257938 -0.037907038 0.08738073 0.09411612 0.07098354 0.016060403 0.024874864 0.07885439 -0.03101086 0.07500726 0.012747739 -0.06483875 -0.021628108 0.04035248 -0.033951916 0.030940767 -0.0014875082 0.0992576 0.0067417426 -0.09694202 -0.016418783 -0.003916537 0.057044998 -0.01779515 0.018230814 0.0068978313 0.01590189 -0.010115985 0.028394148 0.011311256 0.025242511 0.018478926 0.02542597 0.08051598 0.16332938 -0.11580073 -0.06535456 -0.023630736 0.06990962 -0.003029064 -0.06661184 -0.06299888 0.017561797 -0.090845175 0.01279759 0.04718312 0.024725158 -0.05654716 -0.0051141344 0.02627663 0.011398586 0.0830059 -0.07632613 0.016693579 0.021480722 0.05098024 -0.017273502 -0.04710307 0.05636321 0.039150093 0.08582219 -0.062059592 0.111627765 -0.0049109273 0.04122995 -0.10601162 -0.0072806743 -0.021579534 -0.06583614 -0.02960443 -0.14933832 0.00040487704 -0.10985236 -0.037231043 -0.03752533 -0.02775166 -0.02065947 -0.038239934 -0.08013781 -0.073292345 -0.056792293 0.046639603 -0.020113645 -0.006531476 0.09594369 -0.0030043498 -0.06434967 0.041243646 0.030079747 0.041715033 0.025753686 0.047885302 -0.002534989 -0.02883827 0.03933881 0.11369072 0.025286743 -0.025748782 0.079876274 0.03030507 -0.1271293 0.0010825015 0.007306272 -0.04626551 0.0386334 -0.055083845 -0.019438714 -0.0139264045 0.02625678 -0.03164622 -0.18714072 -0.019788498 0.006737222 -0.025598902 -0.030156827 0.024865132 -0.055017017 -0.11090988 0.08017345 -0.09369703 0.007962645 0.039427537 0.003948536 -0.09354668 0.056625016 -0.06381769 0.05593014 0.019519985 -0.0359525 -0.09761403 0.01396812 0.050631847 -0.0010535195 0.07708772 -0.06590162 0.065861255 -0.10772523 0.021175895 0.07141614 -0.043224122 -0.07013001 -0.045627717 0.096164934 -0.0034070024 -0.017249055 0.048232995 0.04715529 -0.026461087 0.020964721 0.056758042 0.052561678 0.036653776 0.055070776
reality 0.03457231 -0.010942921 -0.014233109 0.06429266 0.040814236 0.032565556 0.02799478 -0.08621022 0.013117705 0.01646033 0.05519312 0.055181842 0.057670526 0.12528494 0.07929193 -0.04192504 -0.06452595 -0.042550277 0.05644394 0.009503386 0.004933393 0.064954065 0.03625549 -0.009698521 0.04565969 0.02800342 -0.044748865 0.02218665 0.02742763 -0.038290765 0.006676608 -0.013249175 0.05107108 0.03558738 -0.046603724 0.11441139 0.0040976736 0.03916216 0.019684568 -0.04349133 -0.014562434 0.08863759 0.06667245 -0.036589682 0.005889566 0.01606056 -0.060320184 -0.10630138 -0.010106785 -0.074473955 -0.023502367 -0.07802594 0.031045776 0.06659759 0.010677674 0.0005423676 0.04084539 -0.02587325 0.075296916 -0.012596062 0.13063061 0.046627555 0.004776064 0.007691252 0.013791654 -0.09953364 -0.0012551545 -0.056060623 0.056425393 0.09466804 -0.010700993 -0.044136744 -0.04873939 0.058630973 -0.013267881 0.11158571 -0.063883536 -0.005392889 -0.11011511 -0.026742334 -0.006719461 0.0018335441 0.045905683 0.09216071 -0.0018176602 0.038334306 -0.029354488 0.09173499 -0.013406234 0.052937396 -0.07600008 0.01187378 -0.12196025 -0.112075254 0.029877972 0.028060747 0.006619603 0.08592596 -0.08833198 -0.09995648 0.020819506 -0.04750403 0.00845602 0.013589824 0.0039944393 0.047025368 0.035982706 0.048748326 0.0070119677 0.1311924 0.037447866 0.0029045502 0.05852826 -0.042804834 -0.0060676197 0.05507712 0.0045045866 -0.01206123 0.094868846 -0.107198715 0.0665361 -0.030776307 0.05242193 -0.014767327 0.07123826 0.11072607 0.07493999 0.00042060929 0.06585778 -0.06394905 0.071577266 0.022223793 -0.0021773174 0.02774994 0.023719044 0.010322231 0.028832594 0.04511439 0.013533208 0.0068523386 -0.03150283 -0.04663938 -0.029022293 0.011607532 -0.03975418 -0.027204597 0.025440782 0.05356038 0.050375905 0.11408199 0.09577347 0.044672806 0.0021651927 0.107227914 -0.07146046 -0.08589537 0.062408946 -0.101932555 0.04905429 -0.03194291 -0.05629236 0.011565008 -0.07645838 -0.041299153 0.044705987 -0.028868323 -0.086505905 0.076558694 0.038732506 0.03740959 -0.08770709 0.02343698 0.066336006 -0.04993596 -0.061164476 0.023111315 0.01078788 0.09625282 -0.052601594 -0.009192973 -0.026333781 0.07430324 0.07925389 0.11143502 0.09015054 0.017058931 -0.04000859 0.012682222 -0.0066504925 -0.061027907 0.023025751 -0.017550297 0.0712732 0.035768364 -0.09000395 0.03078274 0.034131795 0.078901276 -0.06991827 0.059417274 0.010127667 0.13994335 0.100477085 0.040649902 -0.07156733 -0.028453548 -0.0787685 0.10060336 -0.03592824 0.014177557 -0.049297504 0.03857048 0.009387166 -0.002726674 0.053685267 0.010815366 -0.11737552 -0.022112625 0.038745236 -0.10841072 -0.09752382 0.11865085 -0.021939563 0.030252002 -0.03725908 0.014143633 0.044653103 0.068092965 0.098999605 -0.05987586 -0.06656554 0.06250382 -0.08801422 0.025952408 -0.022818752 -0.039754678 -0.016365247 -0.035331607 -0.07338108 0.042109545 0.03675556 0.0686719 -0.08976263 -0.037660796 -0.037184265 -0.051923472 0.07513114 0.022599451 -0.058283743 -0.044686858 -0.038904756 0.07770324 -0.024194725 0.043570884 0.022794615 -0.017651973 0.053915635 0.05252967 -0.013984966 -0.091558486 0.039743204 -0.046862874 0.023250023 0.0731819 -0.03545341 -0.061518237 -0.017982293 0.0016823345 0.13136199 -0.03730758 0.011671332 0.015109895 0.03794176 -0.018922929 -0.003706641 -0.010071334 -0.08381111 -0.027440738 -0.10264677 -0.0978142 -0.015467856 -0.00033576702 -0.13661835 -0.005386362 -0.08883842 -0.049330026 0.07988942 -0.05239032 0.03779541 -0.023072852 0.009044259 0.12221878 0.027834617 -0.005257432 -0.08574711 0.016318312 0.08106682 -0.09487456 0.031037861 0.026954731
illusion 0.010512643 0.097130984 0.029588237 0.019365838 0.104134455 -0.078303136 -0.02872074 0.0009114901 -0.06558637 -0.070056476 -0.0028139064 0.006888458 0.010946482 0.08474855 0.0049279192 -0.054868225 -0.006399015 -0.023268735 -0.027797945 0.06678551 0.028645769 0.052783906 -0.028901573 -0.031664148 0.09049641 -0.026764313 0.05995952 0.06250975 0.04274898 -0.0059596016 0.09974759 -0.11556524 0.0009323713 -0.052076273 0.18029387 0.015250068 0.08692245 0.044258136 -0.074828595 0.09609051 -0.047685474 -0.08093717 -0.036201995 0.16821058 -0.01503081 -0.015493891 -0.052938405 -0.05991423 -0.031198706 -0.02445977 -0.07104465 0.10437529 -0.061852343 -0.010164512 -0.0090479255 0.009219638 0.008924771 -0.023247093 -0.0055563436 -0.012061011 0.03453249 0.08800889 -0.057907447 -0.052252963 0.021958929 0.04143257 0.03615543 0.00465032 0.011604388 -0.08392153 0.0026052124 0.012252637 -0.09252624 -0.0072575836 -0.044205166 -0.016017634 -0.017166281 0.02727382 -0.006357997 -0.04077167 0.0040091136 -0.034903802 0.025586082 0.11919827 0.024165455 -0.06807292 0.12663954 0.12620042 -0.0044504586 0.0832986 -0.042062074 -0.0005992844 0.103660606 0.023040121 0.03208221 -0.15961747 -0.078889675 -0.028779207 0.100716054 -0.030990547 0.017766306 -0.097305045 -0.03118864 0.04530106 -0.079656504 -0.040634867 0.010058757 0.023134032 0.06462634 0.06164083 0.05941274 -0.053883594 0.042822804 0.035239432 0.029079556 0.0049145925 0.019842155 -0.019066079 -0.018421825 0.0033914207 -0.07165649 0.021140926 0.067764394 -0.004935588 -0.014383815 -0.04175062 0.012883182 0.043618407 -0.024706624 -0.017543383 0.0017788678 0.09015205 0.06730998 0.013290331 0.033596653 0.041764267 0.024529511 -0.01935962 0.0058880057 0.03459815 0.030630922 -0.020631572 0.01666016 0.0045588645 -0.038506363 -0.08767002 -0.015600974 -0.06105632 0.08950665 -0.14138508 -0.15338247 0.1274466 0.09172648 0.052764762 0.001436611 -0.037954375 0.06523309 0.023078144 -0.0105755525 -0.07616237 -0.0019839364 0.0032132568 -0.044104796 -0.013082977 -0.048126876 0.07115108 0.015954994 -0.023048026 0.1068319 0.017101878 0.036570486 -0.060138777 0.075519636 0.06444381 0.009312504 0.055505883 0.05122314 -0.007975913 -0.018413292 0.029349003 -0.03965255 0.017597754 -0.101596326 -0.07681585 0.018422917 0.02240511 0.045749843 -0.05600763 0.09564019 -0.105840825 0.028003257 0.0071110977 -0.04341422 0.114485145 -0.08027915 0.051880922 0.012050935 -0.053663876 0.07081888 -0.0041020648 0.020504484 0.01703738 -0.0044721696 -0.029295677 0.026940607 0.013905025 0.023546457 0.0034802123 0.022929676 0.031370718 -0.042282823 0.09338614 -0.06821633 -0.087803856 -0.02046014 -0.03902364 -0.14523171 0.08894059 -0.031921007 -0.095742725 -0.017709238 -0.039085716 0.12593557 0.0713739 0.05977064 -0.036462706 -0.06330567 -0.050580725 0.046879176 -0.005206651 0.011292877 0.096133135 0.03841924 -0.048660822 -0.074905485 0.05016948 0.00019212638 0.012488995 0.053295877 0.06441328 0.0295807 -0.18107587 -0.03275603 -0.07649019 0.0025274872 0.003507398 0.0900576 0.029615749 -0.024302805 -0.05884127 0.026333464 -0.04031843 0.03995543 0.053090565 -0.08278876 -0.018455662 -0.07915366 -0.0036962673 0.053989485 -0.055483434 0.042545967 -0.06117171 -0.02466155 -0.014595424 -0.045782614 -0.06720209 0.08820671 -0.017497798 -0.005878955 0.013417878 -0.0073687276 0.1562194 0.001120438 -0.021814093 0.013622692 -0.041521084 0.011497531 -0.03224228 -0.060731675 -0.029833782 -0.055136286 -0.0101978155 -0.086336434 -0.041142978 0.05578182 -0.049550574 0.051615592 0.007656505 0.009179204 -0.011510971 0.0127353715 -0.019353399 -0.040973637 -0.04802665 0.01354891 0.045911685 -0.09445878 -0.04623826 -0.03181635 -0.076293044
human -0.05083386 -0.045854848 -0.06350907 -0.05144725 0.020550352 -0.10979381 -0.0368153 -0.009277561 -0.07486751 0.08192115 0.060197435 -0.023381485 -0.104308 -0.02126007 -0.06571522 -0.006179744 -0.034032937 0.009039277 -0.02283087 0.053716734 0.061452452 -0.04198273 -0.03011183 0.01590574 -0.0017729647 0.024186974 0.008547845 0.033474427 -0.09492156 -0.03599686 0.034135234 -0.011514168 0.012544123 -0.10887097 0.089589015 -0.034067225 0.02604712 -0.034594275 0.00054353656 -0.048610397 0.15573695 -0.0022327583 -0.09941575 0.05409839 0.05673708 0.019572936 0.18020082 0.007709259 -0.047625944 -0.023783438 -0.111753516 0.0055183335 0.03194773 0.014850703 -0.0135848895 -0.037255164 0.030414252 -0.069690995 -0.03514711 -0.010839068 -0.08642742 0.044913422 0.02423738 -0.08711835 -0.029667173 -0.13129395 0.07527816 0.033287566 -0.08107026 0.09433557 0.020344516 0.06557249 -0.011270857 0.02241463 -0.09132617 0.029985273 0.02918808 0.08024187 0.05188661 -0.005933251 0.013013239 -0.06812073 0.060270783 -0.09939794 -0.01754494 -0.010580228 0.016783476 -0.019666653 0.0023193287 -0.0122168055 0.10404136 0.073476024 0.017226072 0.0216336 0.015327957 -0.027863976 0.14721847 0.07522853 -0.08457848 -0.00019664146 -0.045261025 0.032831244 0.015355276 -0.06237427 0.026560633 -0.031994358 -0.07040274 -0.016219897 -0.018209796 0.005137082 -0.12947191 -0.013787726 0.08979977 -0.05265765 0.0028369154 0.13141091 -0.048738327 -0.00597579 0.028184162 0.0618667 -0.02331942 -0.0418555 -0.02789609 -0.0148163205 0.011903169 0.0400685 0.032450274 -0.07135354 0.055641454 -0.0416252 0.04517314 -0.10692214 0.05790601 0.0580104 0.017294021 0.0029238567 0.03454777 0.014362617 -0.042019725 -0.059860103 -0.098330624 -0.04880841 0.07084172 0.0003679422 0.0044146413 -0.06675865 0.1237212 -0.05203397 0.06108669 0.071412496 0.016895713 -0.08996223 -0.12021219 -0.043392535 0.010325187 0.086958565 0.02709778 0.0028529924 0.031476047 -0.041064274 0.011552864 -0.021882296 -0.07159119 0.038497254 -0.03340344 -0.070515186 0.0045087156 0.06363052 -0.05090063 0.022839982 -0.056122087 0.055888597 -0.07937894 -0.045424465 -0.08972498 0.028068297 -0.02582514 0.035742443 -0.039466158 0.056388594 0.024286801 0.036787 0.017542612 0.0029861378 0.030545348 -0.066977374 0.03418117 -0.11549747 0.030959092 -0.05976895 0.046240974 -0.08065073 -0.07576552 -0.0039112107 0.04813442 -0.08753034 0.0333724 -0.019167539 0.02435536 0.0349626 -0.07910997 0.053387288 0.029500324 0.057961963 0.039287943 0.023447422 -0.009839802 -0.0038003523 0.019944364 0.058351167 -0.048751917 0.08083689 -0.0065113194 -0.03237461 -0.010590171 0.0611513 -0.006951551 0.09895861 -0.042990934 -0.06819071 0.031381648 -0.06399503 0.06606255 -0.109228015 -0.019134423 0.017866591 -0.03052545 0.032658875 0.016573973 -0.07424828 0.06891234 0.044822372 0.11537284 0.06682068 -0.050393507 0.06100782 0.007515984 0.032590047 0.05082846 -0.068481624 -0.033936277 -0.09886486 -0.06082404 0.04123264 -0.030790338 -0.036662724 0.16430531 -0.06798919 0.0057038004 0.048927978 0.0055853194 -0.056402862 0.06372474 -0.044534322 -0.03557336 0.09000945 -0.01597766 0.02128842 0.041739356 -0.03590763 -0.033982005 0.059420034 0.021285428 0.11571982 0.024309909 0.06396771 -0.07260475 0.040684953 -0.03370629 0.03853723 0.09583581 -0.022383701 -0.0219906 0.03593096 0.049510784 0.0246181 0.08011981 0.07613978 -0.058244053 0.086636454 -0.06204746 0.052830268 -0.12387394 0.011398113 0.07850421 0.1268761 0.026008155 0.018735092 0.06427737 0.035800032 0.06684253 0.001979491 0.114396006 0.047569584 -0.06697366 0.0053101373 0.010253359 0.0012717355 -0.0081995325 0.026825272
technology -0.07321846 -0.082521476 -0.07595617 -0.04205203 0.023006925 -0.017428316 0.026743015 -0.07765251 -0.023266299 -0.019500135 0.042943377 -0.03619658 0.01583441 0.022478258 -0.040987678 -0.07086053 -0.011805447 -0.071749225 -0.059317615 -0.08726218 -0.036524855 -0.0041811685 -0.029375121 0.08694886 -0.012650459 0.020022042 0.040842917 -0.017293466 -0.005515685 -0.012835565 0.004199912 -0.090785265 -0.10812309 0.033234138 -0.05843678 -0.1261063 -0.10306039 0.003183791 -0.04968105 -0.081428185 0.0046884366 0.04557644 -0.017295167 0.0012933661 0.06639499 -0.07330625 -0.018187728 -0.04422123 -0.0028301969 0.031347346 -0.038187105 -0.010004703 0.038565233 0.055543434 0.054333605 0.12619129 -0.050829403 0.0061915135 -0.025349224 -0.054023318 0.040715232 0.029315801 -0.012771839 0.053873856 -0.041426364 -0.045561258 0.063639924 0.034872375 -0.11234843 0.024295947 -0.13468425 0.009092513 -0.021635508 0.05368874 0.038538467 -0.024511496 -0.0018014763 -0.07389827 -0.021355469 0.057246204 -0.022424145 -0.1249462 0.023547051 0.016294139 0.06779842 0.04074257 -0.03286514 -0.032569926 -0.007590189 0.052267045 0.01679435 -0.022985611 -0.069301926 0.00856903 -0.05485201 -0.0059713204 0.036540624 -0.09653231 0.0005740152 0.008755955 0.027692879 -0.0547917 -0.01270548 -0.14001366 0.028316392 0.06773664 -0.038231652 0.05310314 0.050144847 -0.08044597 -0.022132447 -0.0063458756 0.03643861 0.014403722 0.027423823 0.02466319 -0.094990104 -0.07177477 0.02520973 0.041172437 0.01498748 0.0657791 0.011856288 0.01989048 0.010142621 -0.07331056 -0.03605879 -0.12298322 -0.016446134 -0.008707152 -0.02168715 -0.03442246 0.014000582 0.02828305 -0.05576107 0.0014564838 -0.065948516 0.011902131 0.036423333 0.01940176 0.11871643 0.039897278 0.039112553 -0.0068665105 -0.06349433 -0.025395377 0.052566223 0.017676381 -0.021347634 -0.0045726444 -0.11440501 -0.05019128 -0.014592912 0.01156509 -0.0568366 -0.035209242 0.062437445 0.034548823 0.04317018 -0.13908458 0.06865912 0.114948995 -0.06102741 0.0606392 0.061009888 0.046254285 0.020880515 0.015411196 0.098495185 0.0011294946 -0.0036459786 0.10563367 -0.08515596 -0.026268508 -0.031390093 0.07398283 -0.023156082 0.09582412 0.058885593 0.016592916 0.07592808 0.0066034296 -0.0506803 -0.043358393 0.034367684 -0.012530843 0.04916045 -0.083765745 -0.008512437 0.067448676 -0.04696691 0.118264824 -0.012818223 -0.043528486 0.05447783 0.1480907 -0.10215788 0.0029484627 0.0043887417 0.0076506096 -0.066689715 0.025841836 -0.12607624 0.08613701 0.013606848 -0.01786511 0.07644428 -0.14803857 -0.009840597 -0.0062360414 -0.11181282 -0.050281998 0.026346363 0.06163383 0.09604742 0.09660956 0.06223601 0.073935434 -0.10075147 -0.08656164 0.02024872 -0.025045797 0.02135803 0.065624885 -0.00882146 0.009595915 0.052316062 -0.033632226 -0.015301315 0.048524305 -0.025752181 0.072184555 0.011161948 0.054299798 -0.016142853 -0.04038497 -0.047523536 -0.0029529345 0.11456595 0.018276671 -0.06424809 -0.032721587 -0.07505969 0.035154216 -0.06778276 0.067398205 0.08978726 -0.036872525 -0.021845508 -0.06684639 0.06866578 0.04542847 0.0057528415 -0.01969017 -0.035417527 0.02406405 0.05773063 -0.028657991 -0.041481655 0.0002500373 -0.0029880793 -0.0055468194 0.008963368 0.07630413 -0.10287658 -0.03276012 0.055525817 -0.07655629 0.012814224 -0.048937317 0.14206427 -0.046448898 -0.018072527 0.105228916 0.002927393 -0.08409331 -0.0776979 0.0050718337 -0.01878711 -0.041950025 -0.14300172 -0.09998402 0.089201234 -0.033161152 -0.04826899 0.05854284 0.022662116 -0.017195946 0.0006167251 0.032710202 -0.07948899 -0.042327613 0.08681667 0.08428793 0.024878308 -0.04011596 0.051222026 -0.079233594 0.017268647 0.11348366
order 0.039237995 -0.09739532 -0.031945992 0.08645709 -0.04250241 0.063369155 0.046302214 -0.03870415 -0.023949321 -0.08940278 0.08228505 0.08962126 0.08011694 -0.008357697 -0.10753187 0.013519328 -0.02604094 0.05763441 -0.074464366 0.010134834 0.05455429 -0.05128794 0.03963807 -0.026925448 0.028032763 0.07844534 -0.058986977 -0.0056781964 0.09777701 0.022630058 -0.023789696 0.06114764 0.019633198 0.07033272 0.0546353 0.023154618 0.0284304 -0.0315229 -0.06353191 0.00822812 -0.10495401 0.040267777 0.07414151 -0.06741755 -0.013511619 0.03689732 -0.019380957 -0.06062749 -0.09795439 -0.088403076 0.01107493 -0.056854673 0.020664671 0.011345345 -0.04729373 -0.048407353 0.07036804 0.0544642 -0.03368575 0.041347984 0.02831532 -0.034722913 -0.011669313 0.015410636 -0.012756532 0.027073698 0.08163586 0.0037070194 -0.14904916 -0.054296255 0.03764937 -0.0140523175 0.014642092 -0.075199135 -0.020276492 -0.021179553 0.13664635 -0.04805371 -0.14460981 -0.033679474 0.017158106 -0.038575813 0.035081103 0.034563266 -0.05080839 -0.037993953 0.008107682 -0.048045624 -0.036068134 -0.04544209 -0.09956442 0.02336753 0.05764711 -0.11715331 0.06368315 -0.0087811025 -0.006607565 -0.007881456 -0.006101903 -0.012098947 -0.08237327 0.051484663 0.064085275 -0.05249134 0.05764606 -0.035479125 0.016064782 -0.018019678 -0.062321454 0.017614117 -0.090214044 -0.08159275 -0.083367705 0.038355194 -0.04176881 0.06913395 -0.058071237 0.0002666899 0.07049135 -0.08702686 0.058365367 0.08962346 -0.014352657 -0.012083836 -0.05551093 -0.010133164 -0.054440748 -0.053464103 0.02643366 0.048582397 0.06842705 0.022461541 -0.14413588 0.04607673 0.043367147 0.05816416 -0.11623668 0.017357776 0.09933889 0.080752105 0.035681643 -0.0378773 0.055079173 -0.030598914 -0.09307463 -0.046999738 0.018345574 -0.037032355 -0.04333879 0.06281085 0.059547815 0.033727936 0.004556403 -0.029239802 -0.117030576 0.023290848 -0.0008554384 -0.055874046 0.019460596 -0.046932314 0.0034814305 0.098596066 -0.013740641 -0.025413428 0.028716538 -0.06331581 -0.0035019047 -0.01925624 0.07247855 -0.091604896 0.051694814 -0.09043883 -0.032497775 0.033959016 0.0010416358 -0.04084742 0.058179576 0.01929086 0.113347724 -0.118872605 -0.009891407 -0.050346393 -0.019659853 0.07154331 -0.039941195 0.016028073 0.00434992 -0.012974198 -0.04021708 0.006339601 0.023065267 -0.058390033 -0.03705372 -0.060712542 0.009846426 0.12144961 0.0086839385 0.00793633 0.00013676594 -0.051035065 0.04962325 -0.00061942503 -0.030086672 0.070866704 -0.010341571 -0.06098743 -0.0073482124 0.028515264 -0.095468335 0.026067281 0.0600848 0.022070464 -0.044768006 0.107573494 -0.02657433 -0.06781047 -0.054411583 0.05448159 -0.030273322 -0.06076923 -0.070114315 0.15474653 -0.0045965896 -0.0380304 0.027532462 0.031888735 0.03039005 0.02236732 0.083766654 -0.015703041 -0.07348286 0.0043278304 -0.0069134603 0.046287376 -0.08603426 0.023006497 -0.013914229 0.051793955 -0.09191895 0.0043695825 0.09500615 -0.02085906 -0.09133349 0.0112377675 -0.15444276 0.0018611271 0.006609639 0.09992876 -0.096195176 -0.05261102 -0.020423533 -0.012985872 0.06251934 -0.10590065 -0.056095477 -0.04714481 -0.0039327703 -0.060053848 0.04678493 -0.10516672 -0.0107884845 0.05533697 -0.05435639 -0.035174485 -0.042374935 0.058153063 0.04056931 -0.11203068 -0.07484041 0.012889152 0.012349671 -0.20213895 -0.022165222 -0.015575717 0.033996563 -0.025892472 -0.0043481733 -0.0027967417 0.036879852 -0.111371726 -0.11357321 -0.0448719 -0.064140685 0.026946498 0.009859713 -0.021504767 0.014208679 -0.05083756 0.03955423 0.038953032 -0.039679904 0.027676698 -0.03485422 -0.012865852 -0.0076564103 -0.014611685 0.06507066 0.015904363 -0.0137543045 0.041707147
choice 0.026909888 0.06966213 -9.445438e-05 -0.108091734 -0.01631728 0.07135373 0.050264653 0.015455865 0.0817708 -0.05399377 0.06919384 0.024817184 -0.040026017 -0.02556422 0.047608856 0.019676493 0.026150081 -0.048385303 0.040410146 -0.01395292 0.06439505 0.04187472 -0.014861295 0.057641905 0.14326338 -0.12820473 -0.08497863 -0.014998953 -0.07270282 0.05404334 -0.019712854 -0.03628505 -0.063458174 -0.05079119 0.05143464 -0.006433894 -0.057268642 -0.13329463 0.008597467 -0.003189178 -0.022228092 -0.011581978 -0.0072703413 -0.032376915 -0.013436381 0.073796205 -0.03549053 0.13708948 0.07045939 -0.053120892 -0.116302714 0.020604586 0.15473136 0.022315282 0.044892646 0.030128192 0.0077117346 0.052235458 -0.02892787 0.03990915 -0.034316644 0.069642775 0.015665716 0.052986253 -0.07458152 -0.025629953 -0.04517331 0.02332676 -0.013174308 -0.0003249158 0.04868411 -0.11786399 -0.061149403 -0.033499874 -0.034778174 0.053073302 0.13729203 0.02126895 -0.056739956 0.030626051 0.049676135 0.019041592 -0.08174453 0.13736409 -0.045093693 0.09570519 0.023961963 -0.004982151 -0.057349592 -0.0711562 0.029193673 -0.021978812 0.09059449 -0.06229418 -0.015183792 0.04247939 -0.08472913 0.052790884 -0.15004045 -0.028917577 -0.04563202 0.056973666 0.0027657754 -0.037013225 -0.09831692 0.014773089 0.026056653 -0.002631927 -0.0048256023 -0.011981975 -0.055093855 -0.025613716 0.009416194 -0.017870711 5.288509e-05 0.03265908 -0.07569013 -0.069338985 -0.104953125 -0.06736287 0.012764731 -0.09514013 0.057990994 0.029747237 0.035556883 0.04660914 0.0003844103 0.039960224 -0.008209375 0.043024745 0.051753826 0.034722082 0.039696597 0.067435116 -0.06834594 -0.048394557 -0.063704416 -0.06806003 0.018713241 0.04789925 0.006931748 0.034555458 0.08685094 -0.019340454 -0.008683283 -0.08342509 0.042685885 0.097027056 -0.025071265 -0.044167798 -0.045375403 -0.017418364 0.017082006 -0.036655933 0.026772754 -0.07880249 0.061560325 -0.02266581 0.09412623 0.015606037 5.1803258e-05 -0.04133099 0.02555404 0.11940155 -0.011165039 -0.017781021 -0.07935355 -0.04128645 -0.07578733 0.004464055 -0.041766997 -0.14039493 0.028265955 0.08900218 -0.026722105 0.12628554 -0.008976329 -0.1515283 -0.04022695 0.03411171 0.008011461 0.006172887 -0.003950851 -0.054148786 -0.04036917 -0.1263256 -0.008814757 -0.0024947172 0.062198244 -0.085299194 0.031411596 0.060203522 0.08425289 0.032653112 -0.04778562 0.034907248 0.058648072 -0.041723296 -0.05335417 0.011428169 0.043847125 -0.029785782 0.13235252 0.022316655 -0.039057028 0.030667054 -0.05823463 0.037996057 0.017139247 -0.030856648 -0.0452783 0.0055429516 -0.030478943 0.032644972 -0.02957262 -0.09892573 -0.03318223 0.09584823 0.047919605 0.026870424 0.0160859 -0.036864806 -0.017300656 -0.0059391498 0.0016587009 -0.046145678 -0.10168518 -0.078728214 0.037774533 0.005139004 -0.067421526 -0.012344851 -0.06361085 -0.0797478 0.07641316 0.090931185 -0.015375039 -0.03918445 0.027343636 -0.028441023 -0.018073112 -0.07407684 0.04397514 -0.12080674 -0.039700873 0.05633618 -0.07240001 0.027054587 0.04436769 -0.061243344 0.11399114 -0.035481166 0.00028628524 0.009731022 0.0054135346 -0.0042663645 0.00939608 -0.05980935 0.053046092 -0.04486433 0.059504732 0.015482057 -0.079326525 -0.026643274 -0.013267893 0.0046653072 -0.038376257 0.016550513 -0.057595085 -0.0057441927 -0.0076605147 -0.060128972 0.099962935 -0.0073825256 -0.0631132 0.07599792 -0.061258942 0.027069952 0.054058902 0.02052484 0.026565695 0.0076064393 0.03156571 -0.08503897 0.032164097 -0.05587705 0.11922962 -0.06548611 0.03776965 -0.097884476 -0.08285865 0.07785646 0.077144355 -0.01892596 0.005399562 0.040385935 -0.06855793 0.041625142 0.037198935 -0.076872714
consciousness -0.08821466 0.044267148 -0.028621623 0.048822615 -0.001091041 0.00020506697 -0.11062693 -0.014758976 0.026807629 0.11095071 -0.05933123 0.05240329 -0.015864875 0.056701504 -0.01883266 0.040907983 -0.02544889 0.059441756 -0.039157085 -0.0025940505 -0.07439307 -0.0039822264 -0.00025517526 0.057941537 0.059762537 0.032343697 -0.08314163 0.13161533 0.04447937 0.06227468 -0.02729241 -0.02962449 -0.05593863 -0.021720061 -0.055287935 0.10023649 -0.015710574 0.0046280823 -0.13273577 0.072821066 -0.04259901 0.064267464 -0.0015212508 0.043597087 0.023806637 0.026166951 -0.068507425 -0.027364885 0.030786684 0.06684551 0.12881862 -0.04904688 -0.046960387 -0.021632299 -0.023316596 -0.059311714 -0.029087765 -0.081255406 -0.04746098 -0.12926818 -0.025056394 -0.008280789 -0.05130949 0.023478298 -0.021920765 -0.10650939 -0.007946287 -0.03273475 0.049695738 -0.018242829 -0.03583007 -0.052198015 -0.06647824 -0.01433011 0.07945667 -0.13643883 -0.15479316 0.05650974 0.08541205 0.027003959 0.020161254 -0.08373377 0.04745704 -0.029289765 0.052094985 -0.0030124243 0.030582575 0.110371724 0.029400514 0.012692183 -0.06813735 -0.04727013 -0.035900302 -0.07488869 -0.05899197 -0.0505075 0.0027440905 -0.021682585 0.013777414 0.028937358 0.059760716 -0.017793981 -0.0790289 0.09324867 -0.105259724 -0.021963513 0.0013486687 0.0847065 -0.057248782 0.013507837 0.14026156 0.05450431 0.04411396 -0.065317646 -0.010173872 0.041644577 -0.019364655 -0.026820138 -0.039109904 -0.010348216 -0.061901674 0.003659354 0.019029314 0.09593357 0.014433217 0.06467551 -0.024361562 0.040641896 0.020601377 0.04818204 0.08508228 0.05045607 0.010357008 0.014657488 -0.02921404 -0.055607904 0.027790545 0.039144922 0.0075846678 -0.053162623 0.030960256 -0.08808431 0.031771995 -0.021232145 0.05176644 0.09328929 0.04353924 0.037708696 -0.09011855 -0.023064498 0.04313246 0.05268167 0.0077341013 -0.022251453 -0.0640154 -0.04125412 0.041751947 -0.112110764 0.045902535 -0.014025649 0.0014435181 0.03600473 -0.009012071 -0.0015250259 0.00517593 -0.006684625 -0.07027188 0.008742532 -0.077241376 -0.057671204 -0.056943543 -0.057137184 -0.049411464 -0.029524293 0.03375616 0.03667102 0.061343685 -0.06908036 -0.0068585286 0.045806855 0.17959988 -0.089830615 0.01896755 -0.013627466 0.047728345 0.054327056 -0.07413619 -0.009332171 -0.012897543 -0.08803897 -0.050016575 0.03989703 -0.10149327 -0.054184183 0.088982716 0.053532824 0.013478787 0.013370466 0.010788132 -0.052979153 0.028810851 -0.02560581 -0.05548049 0.04761505 0.050564397 0.20608436 -0.005947567 0.04975989 -0.11372102 0.019804405 -0.04057528 0.09877548 0.059265584 0.05647509 -0.012966953 0.07280251 0.027651751 -0.03481425 0.01681267 -0.023782626 0.010532387 0.021905927 0.03684148 -0.03512703 -0.07778395 0.0881017 0.035987 -0.03433095 -0.05274875 0.05653181 0.01479818 -0.021421483 0.045688514 -0.03300753 -0.11320204 0.10338679 -0.02744873 0.060271587 -0.032170154 0.1357151 -0.032498818 0.0041120662 -0.036930308 -0.03441671 0.027013456 0.048162334 0.10299343 0.09485445 -0.05287205 0.07857446 0.034132704 -0.0011102336 -0.0049092663 -0.06751592 -0.019110022 0.0188299 0.012050434 0.011496541 -0.012540717 -0.017305585 -0.0016210694 0.06304354 -0.0067362282 -0.014171236 0.039611854 0.027353523 0.07938518 -0.04743991 0.034078762 0.019474482 0.04319825 -0.012223649 -0.052420013 0.027398834 0.02084822 -0.041602194 -0.11546299 0.0383445 -0.03082579 -0.034728777 -0.013577187 -0.09551881 -0.12169493 0.018681988 -0.0048549064 0.076353945 -0.001950554 0.07795991 0.08813101 0.07059077 -0.13548432 0.06252482 0.009731175 0.015551601 0.12456337 -0.0032255962 0.0014245553 -0.0028588963 0.021297395 0.013930295
determinism -0.09351904 -0.027263753 0.06611308 0.011051033 -0.024176797 0.04269058 -0.03689049 -0.003719472 -0.02394648 0.026986754 0.045515522 -0.019649379 -0.0878699 0.059471894 -0.09152221 -0.03984828 0.042663988 -0.033355072 -0.025368294 0.0062027667 -0.023985256 0.027007405 -0.020607932 -0.04810799 0.010337933 -0.016739279 -0.016679639 0.056926083 -0.0085773785 -0.11389558 -0.010672754 -0.054882213 0.035817545 0.024874171 -0.06617446 0.04698034 -0.091025464 0.06807158 -0.029874858 0.006828189 -0.10772008 -0.027570324 -0.014934914 0.014876186 -0.08887883 0.023836741 -0.091946445 -0.02883584 0.087450095 0.07576907 0.074038826 -0.007244872 -0.052115653 0.017559778 0.06161961 -0.011778552 -0.055948857 0.104336314 -0.06278035 0.013507184 0.009999741 0.041263115 0.023814801 -0.0071347086 0.10141212 0.05493142 -0.15302692 -0.012163338 -0.0397478 0.08250467 0.022495065 0.033768192 0.055490363 0.06451494 0.13279659 0.036537334 -0.017505608 -0.031219402 0.026094422 0.009495043 -0.029914616 0.026564552 0.062931016 -0.016888147 -0.061643194 -0.05451117 0.021521287 -0.08080815 0.024851011 0.0026185673 0.0239813 -0.019921038 0.05755711 -0.021236785 0.0848375 0.07071327 -0.034860536 0.04125506 0.028528593 -0.0382097 -0.06286416 -0.02456849 0.1304357 0.072408736 0.09047979 0.09689676 0.02445555 0.08591175 -0.025952484 0.0025558549 0.04935406 -0.14227436 -0.0132516315 0.07044883 0.09100269 -0.07670682 -0.029543977 -0.061916713 -0.06290436 -0.04514601 0.009183005 -0.050390482 -0.018944891 -0.048749883 0.04562997 0.11259386 -0.06471123 -0.10578694 0.033389956 -0.076730944 -0.12921044 -0.030664429 0.12598014 0.050205357 -0.027134769 -0.023711532 -0.093386695 0.045774408 -0.008489844 -0.17007282 -0.04960732 0.05143352 0.05331957 -0.015394032 0.020119483 -0.062284656 -0.053027634 0.004635189 -0.002063731 -0.020797877 0.12650551 -0.10052058 0.007126699 -0.016366266 -0.028124642 -0.001459248 -0.07512656 0.020035164 0.08644477 -0.043681603 -0.056086972 -0.07421691 -0.02576788 -0.03374029 0.005719788 0.0033827426 -0.0057675214 -0.0098733865 -0.08158814 0.10640086 0.015253941 0.020605013 0.04732488 -0.07824644 -0.03848922 0.013254111 -0.04498495 -0.048917398 -0.09573054 0.012254517 0.021246195 -0.047962874 0.032647822 -0.019033918 -0.015223842 -0.0056110052 0.02720306 -0.055046458 -0.087485984 0.019489912 -0.0036799836 -0.068105996 -0.011590845 0.0004014608 0.015441937 0.080301516 0.10683344 -0.070798084 -0.07065555 -0.011748756 -0.03295347 0.0034700502 -0.009097848 0.025056932 0.01587688 -0.11007559 0.009468602 0.019986967 0.081329495 -0.038446546 -0.019150482 -0.014355008 -0.01272496 0.0034998707 -0.057997465 0.01622491 -0.0018476428 -0.054103155 -0.044819165 0.07349595 -0.024734972 0.12021556 -0.037806567 -0.02442291 0.03908084 0.0014242392 0.019213982 0.0483241 -0.09534122 0.0089602135 -0.015275631 -0.013951049 -0.039519165 -0.013059258 0.07795836 -0.08771968 0.008378794 -0.014505467 -0.059628803 -0.10916128 0.016703382 0.017206205 -0.057908107 -0.03274505 0.07032464 -0.040050842 -0.0089397365 0.08129175 0.024964646 0.0404972 0.013970754 0.028639125 0.072459854 0.035067998 0.08851752 -0.048754904 -0.08417805 -0.032344967 0.087257415 -0.01314982 -0.030694488 -0.011407306 -0.050856818 -0.1030253 0.03850716 -0.11283776 0.06872139 0.065576866 -0.0048697544 0.12065714 0.036054764 -0.035359643 -0.04131329 0.03128122 -0.007988891 -0.037836436 -0.05395488 -0.018639892 0.026333025 -0.13575538 0.09315259 -0.00305718 0.016746404 -0.03504669 -0.019367155 0.012493113 0.15523162 0.034199554 0.028068556 -0.0148993125 -0.039645057 -0.052734654 -0.08859166 -0.09053323 0.00038092065 -0.07381811 -0.043808986 -0.09979259 0.07662122 0.10493363
system -0.012249164 -0.07284069 0.025650071 0.06397645 -0.037424706 -0.012449808 0.04806956 -0.026545143 -0.037082493 -0.034214363 -0.017925728 -0.05714412 0.038682234 -0.038896266 -0.04441844 0.034891095 -0.0031706346 -0.023281163 -0.09221901 -0.072424166 -0.0036648323 0.06989676 0.07433075 -0.035510167 0.034300685 -0.040447153 0.08430961 0.02356383 -0.017283054 0.03622085 -0.08087044 -0.074235484 0.054397807 0.0015880915 -0.07685539 -0.07547404 -0.0009239585 -0.10356283 -0.037657622 0.07655087 0.026837168 0.07401958 -0.06576616 0.027939547 -0.009110525 -0.009690815 -0.06486168 -0.063065305 0.05142852 0.02485086 -0.014578473 -0.044929616 -0.13232058 -0.06365569 -0.05278971 0.005405468 -0.0845947 0.07937024 -0.11064977 0.10012091 0.032161564 0.020500269 0.010821943 -0.009339389 0.052384436 0.0121973455 -0.02833663 0.057767715 -0.056708235 -0.025836753 -0.10239805 0.04553006 -0.022155926 0.009292866 0.041656066 -0.07736894 -0.07155022 -0.06584979 -0.02766258 -0.0050380514 -0.031642582 -0.10930535 -0.032032277 0.09368261 -0.009448504 0.08485059 0.050198663 -0.051814668 0.1159499 -0.034512646 0.038403217 -0.040702306 -0.0014067381 -0.06566706 0.05932549 0.0054627354 -0.13614395 0.11283997 0.042655915 -0.01174408 0.0461075 0.025013763 0.05139228 -0.10343795 -0.011843774 0.07150014 -0.058366865 0.013621168 0.029348403 0.004670966 -0.02073036 0.08504015 0.038662866 0.0031586627 0.04401609 0.015911574 0.08410589 -0.018428106 -0.043587748 0.039534137 -0.016977342 0.04215967 0.06384414 0.10810556 0.045180626 -0.001745645 0.013963721 0.071970485 -0.01606714 0.01404822 -0.06774899 -0.028051503 -0.016688708 -0.00089087465 0.0635959 0.035604067 -0.079459354 0.006703762 0.072974086 -0.038432244 0.05022519 0.037483666 -0.008960056 -0.045013834 -0.117184214 -0.053472422 0.004685784 -0.08344921 0.07203734 -0.05474181 0.053192627 -0.042353965 -0.02900962 0.052950125 -0.04725675 -0.038545873 0.0138133075 0.026872654 0.09744978 0.0024120528 0.084415905 0.081221946 -0.049317002 0.05137538 -0.10197479 -0.09395589 0.029592985 -0.024550037 0.010520293 0.07780421 0.10517615 0.010757466 0.004172787 -8.221797e-05 -0.07664522 0.04263266 0.06732827 -0.039434377 -0.0113823395 -0.025235815 -0.038779102 0.041857745 -0.105317585 0.024484687 -0.033250924 -0.15115254 -0.069835156 0.019998997 -0.09478985 -0.03429751 0.009594758 0.013844041 0.09013615 0.043070115 -0.037307777 0.043348435 -0.01856835 0.064263865 0.047360405 -0.021831725 0.10023377 0.02625708 0.011779599 0.037544433 0.07833152 -0.009536587 0.11024461 -0.043060433 0.051995404 0.037394997 -0.05553431 -0.092173256 0.033833794 -0.07161354 0.039369483 0.047896896 0.04453307 0.08078404 -0.028119959 -0.008222475 -0.051798735 0.0072494037 0.057160217 -0.014024489 -0.027538856 -0.03667071 -0.05827202 -0.079338245 -0.101415366 0.10511332 -0.07890492 -0.12612513 -0.041689426 0.0040343925 -0.06914112 0.004449627 -0.10272461 0.00060729595 -0.0068778237 0.08516812 0.025689792 -0.060775105 0.037779875 -0.030622298 0.016446114 -0.019411404 0.032744367 0.09986486 -0.0030734837 -0.01458769 0.040664155 -0.09050486 0.09086735 -0.05504329 0.003896856 0.055461843 -0.03899503 0.04407147 -0.016575474 0.03508421 -0.026700584 -0.07364008 0.07670755 -0.12648597 -0.11329143 0.0979856 0.0026082802 0.014928275 0.017857479 -0.08800321 -0.03127353 -0.07951367 -0.02253512 -0.075152844 0.053151093 0.007249513 -0.0043366402 0.15267858 -0.030959737 0.028815055 -0.02058789 0.08108096 -0.017965728 0.09850876 -0.032226373 -0.072889455 0.056105424 0.023077691 0.066728145 0.06117645 0.090905495 -0.008158588 -0.05921631 0.005425337 0.018323902 0.045042228 0.079238124 0.036910918 -0.041868664 -0.04630306
rebellion 0.009139246 0.022029223 -0.025574049 0.030648366 -0.02991637 -0.07412204 -0.031898808 -0.054548882 0.0081650745 -0.016710836 0.003987266 0.07150357 -0.03870008 0.030775065 0.06716156 -0.11631058 0.052459117 0.03731583 -0.017866338 0.04670521 0.017630061 -0.01048157 0.058710217 -0.016881304 0.023984553 -0.02966185 -0.0029204257 0.112196274 0.005177129 -0.009023881 -0.086519144 0.032537043 0.013001194 0.0032568497 -0.059537787 0.038354844 0.107544206 0.07874667 0.040091556 -0.038765654 0.018355617 0.065573245 -0.00012212463 -0.00092437677 0.032016356 0.09020912 0.046588816 -0.01371762 0.025802944 -0.033343263 0.07737293 0.098335594 -0.00037754592 0.017675605 -0.008097242 0.019100945 0.03886183 -0.05788122 0.03492104 0.04848945 0.032587916 -0.03801066 -0.13440187 -0.08535271 -0.003850251 0.0057336916 -0.054731235 0.07629988 -0.036801327 -0.0064814053 0.07327247 0.03738639 -0.07287191 0.09981293 -0.008252995 -0.07631926 -0.012417328 -0.08535768 0.015318732 -0.08254305 -0.067287184 -0.0054047965 0.06794209 0.09099192 -0.052924253 0.0239636 -0.028425125 -0.007880751 0.0034573397 -0.04124274 0.050836492 0.0744547 0.06499627 0.02467907 -0.037460536 0.10382686 -0.0032168862 0.058802232 -0.02006066 0.076186456 -0.009027686 0.081710555 0.041433513 0.054084174 -0.07362677 0.023178004 -0.09236156 0.0071201418 0.045719333 -0.10138637 -0.020908764 -0.007964395 0.09100004 0.018675895 -0.033579458 -0.06434163 0.044879857 -0.082481 0.1608078 0.036884815 0.029742748 0.16743125 -0.06811273 0.0114250975 0.0042376346 0.046765957 -0.07454576 0.021152562 -0.021094656 0.0062420424 -0.037568506 -0.04365114 0.05843636 -0.055052426 0.036467727 -0.012886452 -0.011324976 0.044829194 0.020315586 -0.012654372 0.014731891 0.0142140575 0.038508117 -0.14237125 0.0421017 0.090694815 0.056942876 0.05647535 -0.08914004 -0.040377792 0.0273396 0.09918553 -0.02002815 -0.085167445 -0.04776202 0.012614573 0.14277212 0.013594654 0.07185584 0.036566034 -0.03435787 0.077448554 -0.10449064 0.0702161 0.052507337 -0.01821072 -0.03145501 0.0785336 -0.011896518 0.06363916 -0.05840276 0.014911747 0.0026679835 0.035045054 0.037569564 -0.03708716 0.027335897 -0.05886529 -0.07317208 -0.018559977 -0.07977215 -0.045134347 0.05625502 0.042605095 0.023756074 0.0038619947 0.0679196 0.040935177 0.038104262 0.055525813 -0.07355369 0.017357873 -0.01544842 0.026006816 0.021794183 0.015936187 -0.06479704 0.035902046 0.03216952 -0.036263116 0.07020002 -0.02410627 0.02319481 -0.045800503 0.054617412 0.12173597 0.082507975 -0.0346118 0.08566152 -0.10301048 -0.0067345477 -0.045299783 0.012678041 -0.06460018 -0.0796678 -0.1132385 -0.033231534 0.000103330305 0.023956748 -0.02976544 -0.013647885 -0.08701295 -0.028141752 -0.021680333 -0.041471187 -0.053489882 0.11678928 -0.16869603 -0.08861699 0.07623531 0.0661255 -0.09433254 -0.043769255 0.09204714 -0.039010353 0.0018732244 0.03968505 0.052969087 0.10214158 0.026046172 -0.08524503 -0.027628895 0.06863689 -0.07640549 0.056659378 0.01051872 -0.13373192 0.004461895 0.077799916 0.02612641 -0.07984594 0.07267716 -0.018999066 0.034107417 0.056357775 0.07921163 -0.03533823 0.07454254 -0.028622381 0.04750202 -0.060544766 0.05781015 0.06828798 -0.081497215 0.043039583 -0.040195297 -0.003915583 0.08421005 -0.04394977 0.047677487 0.0032390077 -0.032549046 0.060957815 0.02816512 -0.028482089 0.04418857 -0.04807527 -0.018874062 0.10514695 -0.053464763 0.0032947464 -0.035539385 0.01785187 0.08019787 -0.043553244 0.011970209 0.09705659 -0.04596726 -0.033390146 -0.055098064 -0.008983155 -0.060862783 0.024273943 -0.0145924585 0.056387756 0.019541075 0.012689826 0.14021441 0.05233135 0.02694494
matrix -0.051519036 -0.020307003 0.020418424 -0.10946829 -0.003879832 0.16555226 0.09130108 -0.021787087 0.03018943 -0.037553627 0.015104266 -0.09187976 -0.115094565 0.052147385 0.032371208 -0.025748992 0.015076605 0.01755689 0.02356173 0.058354106 0.07559745 -0.106141746 -0.020921294 -0.0057499693 0.008040404 0.029097242 0.04028568 -0.05017128 -0.09791799 -0.05777021 0.004792896 -0.01801848 -0.0064391224 0.019288931 0.0056308997 0.103968896 -0.03806717 -0.06427876 0.046553865 -0.07830649 -0.08407213 0.02610853 0.03657578 0.009142185 -0.026696142 0.035952758 -0.007193988 0.09651735 0.00020002956 0.015703516 -0.075392745 0.053734247 0.018306337 -0.03687541 -0.035564438 -0.059683044 -0.014358563 0.13005029 -0.14472984 -0.004646051 0.017943531 0.068747625 -0.04237911 0.04438726 -0.007403537 0.108909145 -0.039601434 -0.09693122 -0.0064135785 -0.05288225 -0.08439388 0.05166497 0.07598664 0.041279282 -0.002750553 -0.03439477 -0.055096194 0.07364899 0.056681566 0.024001366 0.034432124 -0.024435816 -0.0034651775 -0.06651394 -0.0009351189 -0.020721156 0.027834326 -0.13543883 0.063070945 0.020217882 -0.050243106 -0.0012004542 0.0309714 0.008140209 -0.022028029 0.02929571 0.0019451653 0.066132784 0.048526194 -0.047793657 0.11496761 0.059165742 0.030670697 0.047647852 -0.054089915 0.103909165 0.06045613 -0.013798548 0.110599145 0.090313144 -0.045493815 0.00567517 -0.038221613 0.031706214 0.020556238 0.019624704 0.019673644 0.048408814 -0.025431728 -0.015951075 -0.023637256 -0.049514107 1.0723201e-05 -0.0065464284 0.06377701 0.007966124 -0.0039035473 -0.016463162 -0.034452908 0.040148363 0.11845784 0.07949455 0.06566385 0.0020771276 0.023457829 0.032889575 0.101006195 0.05792594 -0.0034006077 0.024621647 -0.1088375 0.037940085 -0.055332657 0.0041251807 -0.06823479 0.01720521 -0.011885374 0.061485793 0.037111875 -0.019944828 0.030631293 0.05689984 0.093040295 0.031422116 0.012950392 -0.06257383 0.07424659 -0.025868656 -0.0725563 0.013275766 -0.050785325 -0.02143141 0.041622583 0.034156125 -0.020828297 -0.07271798 -0.14335063 -0.0007165374 -0.051471453 -0.0009057812 0.061752915 -0.040592607 0.0716724 -0.035732847 -0.0072570005 0.04607783 -0.022217186 -0.08746643 0.022202894 -0.025537658 0.011823709 0.06645752 -0.08558223 0.001299853 0.006964826 0.06378358 0.084882654 -0.049510278 0.025273385 -0.065359384 -0.07036832 -0.08950583 0.10817243 0.0007900059 -0.061692983 0.014724738 -0.07086495 -0.04362084 -0.059109487 -0.00046495558 0.048407227 -0.0039049205 -0.01463505 -0.0025757141 0.013737104 0.0012711863 0.006209126 -0.05392947 0.044433344 0.09704258 0.0261175 -0.05908292 0.049628895 0.063855134 0.009311819 -0.006502682 -0.057020202 0.02518412 0.07674921 0.1197158 -0.028718483 -0.0027363535 -0.05974369 -0.045295507 0.0866522 0.09793521 0.08991611 0.02298102 0.065668836 -0.061974686 -0.027027458 0.0513005 0.037456054 -0.03936754 0.06528375 -0.030455606 -0.019562773 -0.04573575 0.07438905 -0.07093055 0.050137848 0.026545906 0.029867869 0.025900355 -0.10785997 -0.014126244 -0.024147281 -0.0418544 -0.04805538 0.023366606 0.11093679 -0.10481193 0.13212569 0.005520406 0.0135565335 -0.01370446 0.049334157 -0.041194715 0.088457294 -0.033193 -0.0022036443 -0.0638572 0.0015869599 -0.06363974 -0.027823718 -0.022343637 0.12689437 -0.17236906 -0.14481 -0.016373875 -0.083586685 0.007593604 -0.023050504 0.07634944 0.061436202 -0.049769916 -0.031395894 0.015986387 -0.0024562948 0.00064263213 -0.02086607 -0.005922479 -0.028649487 0.0070030885 -0.016180351 0.044873234 -0.07213842 0.085829034 -0.09645419 -0.048927624 0.008303229 0.11410948 0.077299386 -0.081855536 -0.12223662 -0.024819102 0.018333811 -0.0413992 -0.07465613 0.0420641
simulation -0.02204482 0.02684523 0.09962941 0.059950687 0.06911761 -0.04055413 -0.08898641 -0.0009140755 0.041675508 -0.115657665 0.013181742 -0.059768703 0.06140135 0.04553266 -0.031204205 0.012062913 0.092142686 0.041790936 0.09026749 -0.0077039315 -0.012329427 0.057238176 -0.04617538 -0.034336943 -0.044533376 0.043935046 -0.0021154082 -0.038248476 0.0027806554 -0.0505958 0.009995806 0.102007665 -0.02075195 0.0011571199 -0.018188683 0.05899403 -0.05244366 -0.032922268 -0.07039487 -0.099368006 -0.07440863 -0.10927339 0.04403386 0.059859723 -0.069303386 0.011981491 -0.098613866 -0.05782277 0.028334193 -0.018279975 0.03414241 0.011956734 0.0067688324 0.011630224 -0.1802564 -0.018345255 -0.07489206 -0.03258439 -0.0141885355 0.052677374 0.08039617 -0.009875909 -0.044156186 -0.06689802 -0.06786889 -0.005554422 -0.044834815 -0.05059939 -0.007108889 0.014260716 -0.072776206 0.008069106 0.0091499025 0.065840214 -0.10255956 0.034564957 -0.09153448 -0.02891408 0.07086913 -0.029157026 0.0008675721 -0.03421945 -0.00046869548 -0.01180258 0.02505377 0.12779073 0.022863002 -0.04344324 0.005648867 0.15464534 -0.043113478 0.073213816 -0.0053430554 -0.08660216 0.015962254 -0.064202264 -0.05279809 -0.029670967 -0.11311602 -0.0008714044 0.079427056 0.13206954 0.022610482 -0.038447566 -0.022365645 0.04392216 -0.01792925 -0.0480889 0.053365827 -0.007903629 0.029595641 -0.06419753 0.014089774 0.041546684 -0.04831702 -0.026033888 0.012885204 0.03155859 -0.07533479 -0.037201926 -0.08164682 -0.062672235 0.009536396 -0.00034933627 -0.0033389481 -0.031416286 0.083975196 0.03745191 -0.076824464 0.041191954 -0.11964512 -0.046517875 0.09869345 0.004064319 -0.0047418918 0.03401296 0.066204466 -0.067041576 0.026534947 0.05610515 0.06592535 0.019006774 0.1141525 -0.04606176 0.052984968 -0.007074141 0.044740602 0.03222957 0.11254379 0.10508627 -0.02181494 -0.014544804 0.00251887 0.02199518 0.11709124 0.034665707 0.11063561 -0.09117107 0.020832788 0.028738782 0.029344594 -0.0019105407 0.033751074 -0.051715933 0.028525593 -0.009675004 0.030517029 0.042941995 -0.019376742 -0.04859198 -0.11137058 0.046264045 -0.06294629 -0.026668532 -0.014109251 -0.013850968 -0.0700922 0.010913037 0.00482366 -0.009702522 0.055392362 -0.05144198 -0.054478835 -0.031671904 -0.08109058 -0.055197172 0.07015959 0.037726793 -0.07212792 0.046633422 0.05988856 -0.036464904 0.026343904 0.061185602 -0.025418917 -0.0821238 -0.043709163 0.004183559 -0.07783395 0.04786077 -0.032228455 0.060447555 0.06616494 0.030686563 -0.014427657 -0.023072008 -0.09049189 -0.05153737 -0.019606376 0.081848145 -0.09067336 -0.056142915 0.0043325466 0.012993906 -0.030778352 -0.10936073 0.016678412 0.048220515 -0.025858406 0.051391512 0.15647471 0.09948522 0.0154620735 -0.049585912 0.046563707 0.090981714 0.0063515874 -0.02422607 -0.168933 0.023682166 0.032471303 0.00017158502 -0.08083886 -0.0027574932 -0.0009049182 -0.06770832 0.027623814 -0.03698178 -0.0066649267 0.07180822 0.052338935 0.040735822 0.10581798 0.031315725 0.006267417 -0.0015454816 0.012280952 0.020130787 0.029111337 -0.043648902 0.089852266 0.00078201375 0.031964436 0.07644626 -0.0073816264 -0.057000164 -0.15734842 -0.0860486 0.045272853 -0.07524565 -0.0064582434 -0.16739506 -0.009535718 0.00018083012 -0.050075237 0.074606165 -0.025765551 -0.046515483 -0.02678256 0.050705303 -0.03370474 0.06266512 -0.08026701 -0.044451497 0.02521906 -0.04421088 -0.1272688 0.0061626136 -0.04424599 0.04262148 -0.011537791 0.041535407 0.050134335 0.059598103 0.05378487 -0.065946944 -0.04076183 0.022251176 0.0042714314 0.011438539 0.02498566 0.030538242 -0.041287635 0.03748316 0.0063129207 -0.102667674 0.052133895 0.010021726 0.013035745 -0.04662649
agent -0.09098392 -0.020507984 0.0039685303 -0.04673974 0.038448077 0.040504802 0.026863258 -0.008810402 -0.043651726 -0.0067231124 -0.020889623 -0.029778114 -0.0073012337 -0.05302909 0.035717852 -0.048543748 0.006305966 -0.038924217 0.06820366 -0.041457694 -0.02039971 0.13551666 -0.026445514 -0.022209955 -0.09076888 -0.053765878 0.010388845 -0.12783156 -0.02592983 0.052712064 -0.009107179 -0.096759394 -0.038230628 0.04987053 0.06391803 -0.06838875 0.00042979684 -0.12720597 -0.052962214 -0.06391599 0.03487841 0.053827155 0.05598101 -0.04182708 -0.06092424 -0.04776969 -0.03245004 0.09473516 0.0069880206 -0.07280864 0.024252076 -0.0073487675 -0.022820247 0.06163507 -0.14614002 -0.014789953 0.12608872 -0.12728645 0.120249815 -0.021093262 -0.010438141 0.080710545 -0.023134125 0.0028028374 0.119985364 -0.007862781 0.01652216 0.08869456 -0.0707947 -0.1667323 0.0138818715 0.008767594 0.008646227 -0.05979543 0.085903406 -0.052392293 -0.055064376 -0.055807944 -0.026595034 0.023535175 -0.026013192 0.0054352954 0.05480765 -0.06270258 0.055450834 -0.068783805 0.03103154 0.027619448 0.076488465 -0.09544145 -0.005459548 0.066644244 -0.14447479 0.04513268 0.09723572 -0.053444497 -0.014458134 0.068557575 -0.02338096 -0.15893035 -0.091100655 0.037955217 0.114723116 0.042356927 0.10608177 0.024504684 -0.04037659 0.022490604 0.017699338 0.013346425 -0.03041111 -0.052112274 -0.03376684 -0.0936 -0.06898803 0.01306403 0.006018103 -0.056674693 -0.016660426 -0.023704894 -0.033610646 -0.13978133 -0.007607487 0.009236454 0.054233134 0.053587724 -0.002466443 0.07885632 0.017451122 -0.08035936 0.09471616 -0.016239345 -0.006023679 0.060708992 0.030895844 0.026001628 -0.050234605 0.032902807 -0.0015943346 0.052274555 -0.049428154 0.03570666 -0.027499257 -0.00049217127 0.08561442 0.061163437 0.039899636 -0.061615173 -0.013894485 -0.008814144 0.07035693 0.005303934 -0.039856255 -0.015060562 -0.07081545 0.0012220046 0.0011952814 0.016009849 0.04259184 -0.092223115 0.1162849 0.0082727885 -0.030813666 0.025488626 -0.027246783 0.012521764 0.08691839 0.030013094 0.0129332915 -0.039433897 0.08523801 -0.16142276 -0.068191156 -0.084444016 -0.085888684 -0.05050389 -0.03153278 -0.06606126 -0.107196845 -0.013660306 0.09462896 0.05011386 0.06618252 0.08903628 -0.061300155 -0.04497137 -0.0015623035 0.043789055 -0.025486764 -0.044091664 0.0028641522 0.0061858175 -0.040309615 0.053166747 0.013393993 0.037838385 0.057255298 0.043577 0.037486106 0.015677717 0.03680534 -0.0627899 0.0055803354 0.032785907 0.06466549 0.07721681 0.017327022 0.022031456 -0.07965489 0.016717706 -0.025565619 -0.029731989 0.01776715 0.112810485 -0.023067418 0.054263324 0.037365876 -0.030941235 -0.02722465 -0.031566553 -0.025866032 0.07088586 0.08284414 0.11570093 -0.047912728 0.03558386 -0.08290427 -0.024266627 0.025349423 0.03651617 -0.04325435 0.010632191 -0.020389205 -0.028163316 -0.0772399 0.017520443 -0.049354758 0.015037534 0.018246505 0.041822176 -0.021765314 -0.009341586 0.06677136 -0.05117957 -0.07851128 -0.03639435 -0.006086121 0.07046403 -0.017883653 0.032515388 0.03316979 0.0027265183 -0.040195383 -0.10062591 -0.03793881 0.07910254 -0.03361816 -0.06669129 0.010496044 0.062170867 0.06500712 0.0010235705 -0.054828085 -0.04783239 -0.0058014244 -0.05224861 0.108222134 0.009286173 -0.03410671 -0.009156153 -0.111948766 -0.024267126 -0.04860099 0.030103311 -0.03675366 0.0117085315 -0.06006617 0.046043344 0.030011907 0.085763834 0.033659924 -0.018130856 0.06715324 0.10759641 -0.04330788 0.04022226 0.01780204 0.058272056 -0.044870187 -0.074081965 0.05209018 -0.021392964 -0.0038487006 0.041267514 0.08942886 0.0233883 -0.0736663 -0.005933724 -0.10174372 -0.0034043274
oracle 0.05362863 -0.11372858 -0.14145388 0.0152032245 -0.018053927 -0.028303536 -0.032511707 0.047300637 -0.06404229 -0.043432962 0.021311939 0.016733939 0.021839775 0.010126367 -0.019725192 -0.07807824 0.011683385 -0.010035136 0.08118435 0.053224314 0.044223208 0.011169216 -0.016742004 -0.028714862 0.13660583 0.01812935 0.03640787 0.055716828 0.099800244 -0.045922767 -0.0029046189 -0.039835643 -0.093453474 0.074680135 0.0038277772 0.054194696 0.019880138 0.050685383 -0.06818028 0.020283852 -0.0481582 -0.03941648 0.039298926 -0.0066722436 0.010781956 0.0013094378 0.018593483 -0.035717905 0.02930127 -0.05671967 0.017452078 0.037316848 -0.004293824 -0.015849164 0.116428845 0.087248996 -0.049374647 0.015486144 -0.12714392 -0.016361944 -0.015653249 -0.073968396 0.082308516 0.0041836957 0.018499414 0.09998103 0.04849806 0.05117554 0.03214132 0.00032011914 0.034376305 -0.06602771 0.006943547 0.021530235 -0.09614104 -0.004352107 -0.086625956 -0.049980905 0.0072392514 -0.07645664 0.021848893 -0.0024424533 -0.066366844 -0.06927724 -0.013249006 0.03622291 0.027022643 0.05121842 -0.0059590624 -0.01885162 0.024771603 -0.012960446 -0.06376033 0.04160925 0.1448966 0.030692808 -0.0074689933 -0.06902397 -0.03480443 0.013123977 -0.053460304 -0.15271428 -0.0364143 -0.051301755 -0.019510154 -0.088436596 -0.068221144 0.028859043 0.086487986 -0.05087857 -0.08849673 0.012690658 0.1409468 -0.052535687 0.04923613 -0.053670958 -0.029932037 -0.016537065 -0.0026663837 0.0721175 0.12249876 -0.085420884 0.052071046 -0.0027759504 0.04387511 0.06905566 0.001021696 0.036711477 -0.028502584 -0.04464909 0.019185359 0.040086895 0.00055761513 0.048276793 -0.052165356 -0.028303422 -0.0015914378 -0.046108015 0.06287555 0.10004363 -0.028686866 -0.09282021 -0.058562193 0.1488054 -0.0068883267 -0.1049492 0.040024795 -0.11866622 0.015695632 -0.054022707 -0.036698423 -0.05404931 0.0990174 0.05422933 0.0050400365 -0.10736757 0.07817937 0.066598654 -0.072830826 0.045549367 -0.046432547 -0.030078977 -0.02410893 -0.012445899 0.024821447 0.0349997 -0.05029506 0.024670132 0.019375822 -0.012568509 -0.039382476 0.040032238 0.059045337 0.17374167 0.06422048 0.02429519 -0.041045982 0.08566754 -0.0019689589 -0.08112858 -0.07569348 0.041682445 -0.06058068 0.013544235 -0.028722452 -0.019387107 -0.025692724 -0.031101398 -0.054885928 -0.009044372 0.09144911 0.09340223 -0.048134305 0.041774686 0.086136445 0.012389785 -0.071956985 -0.04031103 -0.032070413 -0.099828266 0.022250744 0.09699631 0.0040649725 0.045121215 0.009113512 -0.044595137 0.011086628 -0.059041977 -0.037712414 -0.066453785 -0.004946875 -0.010134085 0.10790962 -0.0067544575 -0.0072345734 0.019746143 -0.0073305788 0.003283741 -0.06393336 0.05940918 -0.092393264 -0.0839746 0.008131865 0.0551257 -0.09852876 0.0064294175 -0.085490145 -0.06809016 0.040380057 -0.0026341537 0.022376334 -0.00902773 -0.0646291 0.1637582 0.03807311 0.028131207 0.060143117 0.0142664425 -0.059305985 -0.02034326 -0.11993926 -0.036511444 -0.009803954 0.0152641395 -0.015966533 0.108731724 -0.04883015 -0.070421726 -0.05135743 0.01910839 0.010883061 -0.02204014 -0.094476536 0.023527347 0.030431163 -0.06593976 -0.08949071 -0.046792284 0.0751187 -0.03343247 -0.07780492 0.0059589176 0.014957667 0.047400456 -0.0702954 -0.0137752965 -0.064357914 0.08531896 -0.04962494 -0.06573655 0.099495575 -0.01816354 0.018112019 -0.03200896 0.037884478 -0.0087157115 0.04977444 -0.042125575 -0.018256158 -0.038060963 0.022787577 -0.0773378 -0.062270876 0.017146287 -0.10945162 -0.10027701 -0.05435472 -0.000387039 0.004710707 0.039900735 -0.034360334 -0.03223822 0.039434277 -0.0809115 0.004738442 -0.06892929 -0.07712928 0.0084608095 -0.04959919 0.0019817462
exile 0.09192531 -0.025655078 0.059928007 0.038533743 0.044716597 -0.007608101 -0.059982657 0.055427384 -0.16478236 -0.041350123 0.011516989 0.059770525 -0.0051220786 -0.0468144 0.059985545 -0.015081752 -0.038507443 0.044372812 -0.03318056 0.02708476 -0.011029654 -0.08151007 0.044082012 0.029874898 -0.051230155 -0.11821259 -0.053512156 6.074125e-05 0.027814222 -0.037027355 -0.03873908 -0.01153673 0.06484394 -0.06073026 0.01161859 -0.010861883 -0.07098302 -0.06467411 -0.050373472 0.054025415 0.052288394 -0.01486098 -0.07407359 0.1080402 0.01601395 -0.028655503 -0.098316506 0.0022368403 0.021202704 0.04543122 0.04530606 -0.0120692365 0.00088125264 -0.02342942 -0.015089259 -0.00885452 0.059202816 0.021487642 0.049925257 0.122774385 0.08238735 0.027659118 -0.004727639 -0.041456442 0.04713724 -0.014791469 -0.043047294 -0.011126356 -6.03135e-05 -0.08846942 0.050030366 0.021309972 0.013459734 0.021774812 -0.061597284 0.10239525 0.010430294 0.07261359 0.08409879 -0.009221086 -0.071359694 0.012943963 -0.10237919 0.019296007 -0.017776685 0.078206845 0.056481883 0.071450345 0.012326022 0.019124445 -0.069231175 0.0074717402 -0.09444098 -0.020536115 0.02377358 -0.04841643 0.082207374 -0.07034689 0.02911104 -0.0051275655 0.03002904 -0.015478265 0.01082319 0.0912864 -0.069249295 -0.03462932 -0.0066877645 -0.081455655 0.03792639 0.002324999 0.03338676 -0.022975666 -0.05978605 0.048861094 -9.222765e-05 -0.001091135 0.0024485732 -0.019768005 -0.006177585 0.047396906 0.053513214 -0.023096655 -0.111798294 0.0350739 -0.07937838 0.042693496 0.050300527 -0.08640953 0.008769621 -0.009675979 0.019953152 -0.050419368 -0.018020187 0.0018547401 0.023844479 -0.014365086 -0.02405987 -0.00058006746 0.0572894 -0.027234634 0.02002855 -0.022117496 -0.07431636 0.10284014 0.13607384 0.036343716 -0.004309868 0.06974633 0.16108346 0.010109731 0.030094625 -0.06701127 -0.06918019 0.019070009 0.052291743 0.010449547 0.047394715 0.07797876 -0.02978328 0.036415502 -0.018152285 0.025591182 0.0662997 -0.046546727 0.009733285 -0.046536878 0.013178932 0.058875512 -0.046333835 0.02022825 0.039758906 0.0024372395 -0.015342921 0.056570802 0.0639176 -0.017313488 -0.010808363 -0.094169654 0.01309974 0.14069197 -0.021019276 -0.07830844 0.0026242256 0.019627022 0.0042779013 -0.12884198 -0.009601699 0.09696668 0.08671628 -0.030181596 0.01759176 0.056689534 0.035204962 0.036897838 -0.14114705 -0.0918573 -0.0415642 -0.020872489 -0.067996494 0.018468278 0.06000748 -0.08630275 0.05258039 0.074039206 0.033197746 -0.164127 -0.035937596 0.036741458 -0.12223424 -0.027141416 -0.03210925 -0.07532036 -0.015778074 -0.09581723 0.008809309 -0.01283131 0.14627646 -0.026706008 0.030869866 0.13123468 -0.054230448 -0.051716153 0.048028283 -0.11006125 -0.046063982 -0.0072996765 0.059488185 -0.031068103 0.03790293 0.0024420882 0.069814496 -0.07645706 -0.012563763 -0.023777641 -0.080537245 0.041039724 0.03553648 0.01989635 -0.0030161317 -0.08332437 -0.048625927 -0.043163247 0.08155004 0.01089271 0.00086942135 0.04672339 -0.09266723 0.08516087 0.004077491 -0.015245097 0.117181845 -0.054305986 0.00556034 -0.1690012 0.06663203 -0.035905246 -0.0025320635 -0.04797322 -0.07996094 0.021385666 -0.005949645 -0.08966016 -0.038019516 0.029513165 -0.012080129 -0.06604415 0.10340831 -0.03447453 0.0610761 -0.0007701752 0.057668325 -0.03907664 -0.023094973 0.024648039 0.11341606 0.009276164 -0.09364347 0.04732109 0.06892638 0.10189201 -0.111141466 -0.03133078 -0.012092597 0.053612836 -0.010019581 0.06517678 -0.046725146 -0.041230377 -0.09050433 0.018096546 0.012884477 -0.06614358 -0.038691342 0.008905143 -0.1103151 0.028831726 0.049940977 0.026957126 -0.0038409368 0.011792029
architect -0.008992343 -0.085697815 0.11248626 -0.042310923 -0.037518367 0.0005032664 -0.10508529 -0.025236396 -0.028503418 0.034986563 0.08225684 0.091825776 0.09811937 0.14497408 0.02755883 -0.062236182 -0.042637788 0.016168807 -0.02040893 0.00732236 -0.031753834 0.0636998 0.015943533 -0.006957038 -0.022479245 0.030698953 -0.051331572 -0.04195829 -0.010747899 0.1400217 -0.02932102 0.10029053 -0.082572296 0.025352634 0.04704667 -0.056162514 -0.10689648 -0.058846552 -0.06767396 0.007482418 -0.09699406 0.12260047 0.10085923 0.007526939 -0.05136208 0.086673215 0.0051502236 0.08390361 0.08213269 0.089816354 0.012378721 -0.01267626 -0.00055560755 0.071868606 -0.038473748 0.16928686 0.097595505 0.00217887 0.03844175 -0.0030593518 -0.049941555 0.011852363 0.041601356 0.07039629 0.05151556 0.03386887 -0.013683637 0.03274703 0.017351488 0.08755775 0.034043342 0.010056687 0.012258425 -0.09673595 0.026065797 -0.05336229 -0.027928926 -0.013575743 0.015975233 -0.05989973 -0.014430669 -0.012349458 -0.009462178 -0.009569086 0.10959494 -0.038217667 0.056766246 -0.0818736 -0.03326487 0.010099226 0.009288606 0.042680085 0.0060360297 -0.0411833 0.052561346 -0.056599353 -0.07001994 -0.09290838 -0.012912031 -0.018286224 -0.051406294 0.059720542 -0.086116135 0.057309974 0.03847034 0.069423035 0.065470606 0.09007748 -0.055042528 -0.016743055 -0.028767407 0.044521213 0.014124991 0.02758636 0.03874549 -0.13729565 -0.09930048 0.06604509 0.045757372 -0.028281737 0.014050447 -0.006808636 -0.06298906 -0.108257815 0.049996804 -0.017664684 -0.058698673 -0.0542639 -0.09848519 0.0016725954 -0.026683066 -0.0023449468 -0.008845581 -0.011536214 0.19256827 -0.05736094 0.0073312586 0.07301282 0.04840846 -0.047841217 0.076986045 -0.0727438 -0.06703353 0.02730451 0.028256906 0.05406137 -0.028373193 0.018489175 -0.05123788 -0.07906722 0.037387647 -0.06762425 -0.041431684 -0.07854903 -0.040634546 0.13594411 0.070198454 0.09957553 0.043597035 -0.022701425 -0.014400587 0.0044495235 0.053431325 0.022358704 -0.071736924 -0.08692982 -0.04330463 0.062133163 -0.008518605 -0.010186154 -0.02110089 -0.029056337 0.009701996 -0.11774566 0.024954082 -0.02965495 0.057170965 0.04101429 0.03158661 0.00958824 -0.019456223 0.06722428 -0.05279083 -0.044824824 -0.0998778 0.049332112 0.018522697 -0.010338288 0.038365144 0.011186296 0.008553191 0.07313249 0.047248878 -0.13119811 -0.09200378 0.0023239446 0.026423614 0.011149253 -0.011773869 -0.009853561 0.06623848 0.07230227 -0.06679622 0.11148121 0.03681111 0.027349513 0.07342098 -0.055559937 -0.04620895 0.027893418 0.0024862108 -0.02511652 -0.03304834 0.043764696 0.09071382 0.037350286 0.045068387 0.053110942 -0.03047389 0.03992992 -0.045666553 -0.033990573 -0.052963186 -0.029524101 0.028630832 0.04348852 0.030112622 0.00027098565 -0.017770985 0.04214754 0.05568604 0.019801067 -0.023732243 -0.006804686 -0.02682889 -0.014417673 -0.011226699 0.10797324 0.031115498 0.04962587 -0.035183437 -0.08149048 -0.07913624 0.04406487 -0.003855493 0.02742271 0.056738753 0.01637745 -0.07163606 0.094523266 0.039249096 -0.027260182 -0.040570155 0.066310935 -0.005912702 0.04134729 0.036420103 -0.08624232 0.042405717 -0.021896224 0.06638221 0.033704575 0.02408233 -0.05310645 -0.014205869 -0.020077953 0.047761165 0.084911376 0.077238135 0.0060679144 0.05625062 0.04348475 -0.020402187 0.00060472876 -0.07684528 0.055488683 -0.0569809 -0.07344566 -0.023925744 -0.004409812 0.052666135 -0.17502275 -0.031410377 -0.044523988 0.013949532 0.005557147 -0.102626435 0.021580199 0.039732363 0.017491983 0.012927902 -0.020375427 0.07808844 0.06995623 0.07076948 -0.027868418 -0.014674059 -0.07732721 -0.06742974 -0.074582644
zion -0.025983917 0.05679006 -0.09820043 0.07556897 0.07497013 -0.040852267 0.052538082 -0.08696134 -0.047431987 0.0699044 -0.014594674 0.027233107 0.03003864 -0.11037464 0.102970675 0.027748741 0.008549395 0.04941452 -0.05042136 -0.069658294 -0.05501264 0.08716486 0.10511438 0.064603075 -0.021006018 0.08119331 0.025021104 -0.01893396 -0.059697457 0.045875784 -0.11182625 0.019410726 -0.033442132 0.012897105 0.0816898 0.053480245 0.012509447 0.00038821922 0.091609806 0.03346804 -0.0022662801 0.107959144 -0.0040349765 -0.052469455 -0.13002288 -0.07129287 0.029669179 -0.0039920295 0.055306338 -0.0054225638 0.0485041 0.010658101 -0.1531094 -0.02669078 0.016019918 0.045984436 0.026036762 0.050451476 -0.036934294 -0.015511773 -0.066620365 -0.12280737 -0.07246638 0.05705969 0.085491665 -0.015197237 -0.047054693 0.048499655 0.075407095 0.029078089 -8.3112434e-05 -0.00791373 0.024289332 -0.03410616 0.03622841 -0.0060883895 0.042241458 0.04295301 -0.0387192 0.06260177 0.019176181 -0.010099784 -0.018380944 0.020457443 -0.14351745 -0.039126 0.07364923 0.07928877 -0.06263485 0.06544301 -0.028987896 0.14737709 -0.02185063 0.018408889 -0.013130672 -0.1331913 0.059192907 -0.013034438 0.01668414 0.16864122 -0.045658596 0.083189346 0.06663926 0.0510085 -0.061773635 0.07694217 0.06008296 0.08286623 -0.012913268 -0.027155977 0.026210956 -0.038700894 -0.03762922 0.0300435 -0.024834363 -0.016003823 -0.06866147 -0.010159666 0.035203967 0.102491856 0.028073153 -0.01394383 -0.004625075 -0.061799314 -0.06440003 -0.03294322 0.0367298 -0.04438259 -0.05936654 0.03338853 0.09378101 0.09843637 -0.005703368 -0.12263968 -0.09398071 0.019272365 0.06142155 0.030507242 -0.021293012 0.04374119 0.070115894 -0.0020414933 0.0011475106 -0.06044573 -0.038426694 0.01619987 0.032375682 -0.042050116 0.074504726 0.018284867 -0.1020117 -0.035305176 -0.052423686 -0.020053517 -0.015813235 -0.034871202 -0.0080912635 0.07545825 -0.094596766 0.032721274 0.027729647 -0.005783426 -0.073226355 0.05187832 -0.009253421 0.035558295 0.05711411 0.019937722 -0.044231735 0.037900373 -0.0765594 0.06478385 -0.0411381 -0.09409176 0.06480136 -0.040285368 0.07245914 0.007213552 0.0028220674 0.04196783 -0.0013142037 -0.03974233 0.00024069518 -0.07911688 -0.10040701 0.04779598 0.017189594 -0.0033553494 0.05479379 -0.05560988 0.061613984 0.09694287 -0.0071172523 0.02872669 -0.03663508 -0.003963433 0.012765247 -0.0018287172 0.07324896 -0.08417836 -8.858284e-05 -0.010082932 -0.05895108 0.02432004 -0.07845502 0.12640916 0.014380162 0.039550506 0.008647205 -0.056998286 0.02215832 0.05541295 -0.029339071 0.0037286608 0.048595436 -0.11134404 0.052991226 -0.036622446 -0.08758001 0.10394034 0.0329589 0.08475837 0.0076711513 -0.019737368 0.002732024 -0.051864207 0.008065636 -0.024317198 -0.03513964 0.08521036 0.05809108 0.11533778 0.054618906 0.035837613 -0.0030324713 0.10791135 0.008217734 0.019905858 0.02075425 0.0043108193 -0.026322177 -0.022599494 -0.036309563 0.15120466 0.06835648 -0.009469895 -0.041492715 0.018016275 0.077161096 0.06507043 -0.031163631 0.0031908462 -0.01392513 0.10857904 -0.01774754 -0.11697659 -0.031897638 0.011727154 0.091052026 -0.05627079 -0.03600376 -0.066089466 0.0577763 -0.014651952 0.010373865 0.103759885 0.074458756 0.0030194863 -0.077147216 0.035037473 -0.0034812277 -0.009076094 0.041216042 -0.016335681 -0.06767533 0.07621875 0.027689524 -0.0013173487 -0.021928577 -0.0008882467 0.0046662916 0.0065377094 -0.072902605 -0.01550043 -0.0069273077 -0.08218339 -0.00842861 0.09338234 -0.1296916 -0.029508958 -0.058657683 -0.0026947944 0.038226306 -0.028558236 0.087140486 -0.024955548 0.055792153 -0.036741212 0.03486565 -0.00083456794
neo 0.012307198 -0.07597719 -0.034493584 -0.0029844625 0.012470857 -0.04947004 0.013126087 0.05031039 0.058435958 0.06348619 0.12698756 0.09965022 -0.0148850065 0.014419191 0.06155981 -0.01695567 -0.07428353 0.049371485 0.010871678 -0.11355919 -0.035521615 -0.03245258 -0.065718666 0.07648655 -0.15566303 0.06423444 0.022601688 -0.100815855 0.0011614673 -0.074978575 -0.03909971 0.06685245 -0.08635825 -0.026013644 -0.027214693 -0.033820387 0.03531202 -0.05403112 -0.07657513 -0.0752503 0.09772724 0.008803319 -0.0063192076 -0.004933706 0.06541179 -0.0121192625 0.020432625 0.039776936 -0.025193384 0.009945653 0.025375126 0.0281415 -0.10724012 0.039680332 -0.14990765 -0.032353956 0.032164525 0.008682352 0.0063055945 0.075356334 0.020808931 -4.5205987e-05 0.02599548 0.008671204 -0.0070742737 -0.041960694 0.05021022 -0.019529438 0.087350145 -0.10815469 -0.014771869 -0.059901968 -0.037123207 -0.07657145 -0.0557454 -0.009119003 0.06117856 -0.04053435 0.019220654 -0.030898193 0.02090237 0.022396833 -0.03582152 -0.076485276 0.0066705234 0.11121814 -0.02587458 -0.11278644 -0.0023581677 0.097966194 0.042697813 0.086543515 0.071218126 0.039034907 -0.051819503 -0.065791234 0.044257186 0.015890652 0.07638795 0.002662492 -0.067214966 0.038472112 -0.016068587 -0.03271595 -0.036233194 -0.08833818 0.035196993 0.02766087 0.07094882 0.0074207312 0.03958246 -0.061474785 -0.094036594 -0.0030133436 -0.07603677 0.023357715 -0.09483945 -0.01958909 -0.056428824 0.14503425 0.01482064 -0.009061812 -0.0071204253 -0.05827627 0.04418247 0.008671068 0.010676585 -0.043684036 0.06856361 -0.107403465 0.02690294 0.018620156 -0.008807468 -0.012733321 0.056827683 0.019115195 0.047315035 0.0077410326 -0.01444432 -0.024783643 -0.09916228 0.01530838 0.06335044 -0.060228944 -0.074569575 -0.06384293 -0.037782043 0.069146 0.008770684 -0.08810537 0.01491018 -0.048654467 0.02078166 0.056419928 -0.111134335 -0.020426393 0.036114104 0.030373288 0.022731487 -0.008396283 0.010742411 -0.02184484 -0.02882056 -0.017990312 0.029916506 0.075992934 0.100765295 0.018258324 0.114479505 0.03152612 -0.06909918 -0.038942974 -0.056465413 -0.011625242 -0.06092401 0.106927656 -0.029232958 0.008618437 0.06526941 -0.04079631 0.030804623 -0.016754435 -0.01088129 0.012744693 -0.02164493 0.11672958 -0.07125312 0.13254926 0.013476222 -0.077309914 -0.007644623 -0.10549897 0.00042791353 -0.047970086 -0.024325803 0.023865113 0.032872673 0.02755475 0.013226094 -0.04707158 0.06286633 0.056636207 0.011292349 0.012900062 0.052701384 0.017361382 -0.03972513 -0.0084645385 -0.00083081913 -0.048763804 -0.04777688 -0.089614145 -0.12682563 -0.07328469 0.0266515 -0.1147226 0.004182509 -0.01484123 -0.1334339 0.028050138 0.006079308 0.026735384 0.00073792407 0.07902215 -0.08345453 -0.08784843 -0.059610844 -0.0053043333 -0.010595159 -0.059201043 -0.043913193 -0.0033299406 -0.06721886 -0.03222798 -0.03993779 0.04029504 -0.060431074 0.03160975 -0.033346612 -0.05401791 0.060751583 0.08776539 -0.11953182 -0.0020049703 -0.075590536 -0.090206645 -0.0829387 -0.019554015 0.13339353 -0.020728275 -0.07183477 -0.015330331 -0.004872966 -0.10126182 0.013073306 -0.010730563 0.039436333 -0.042111073 -0.16537182 0.086922206 0.053871907 0.031160748 0.014252649 -0.14073195 -0.013529411 0.05812486 -0.010384949 -0.0071301465 -0.043687146 -0.032901917 -0.011672667 -0.12572916 0.028089631 0.102474235 -0.034307517 -0.08755873 -0.0041303807 -0.059198074 0.046307344 0.1069985 0.03924972 0.032420177 0.008651361 -0.036404457 -0.030740455 0.038143855 -0.0072177094 0.012738521 -0.065729156 0.03098466 0.0137986755 -0.08068277 -0.008877337 0.03363292 0.06736778 0.035190977 -0.010724371 0.017228402 0.01626517 -0.007094841
smith -0.0056149215 0.11713092 -0.04517583 -0.04837832 -0.009215368 0.07592097 -0.059537772 0.02027839 0.009733812 -0.08288525 0.045353983 0.01792991 0.075291865 -0.073917955 0.0005641678 0.0008336702 -0.011050848 0.074915 -0.09325472 0.029831598 -0.020914463 -0.03218391 0.031458516 -0.023529718 0.00081564224 -0.008307746 0.023005204 -0.023853246 -0.07515171 0.01710016 -0.092196226 -0.045961045 -0.026092943 0.03994851 -0.07168828 -0.008498137 -0.039735064 0.03183852 0.031665694 0.06304358 -0.035875063 -0.035651978 -0.1353463 0.015158217 -0.0642319 0.0063281218 -0.017184341 0.051204145 0.041715614 0.048059445 -0.008840167 -0.027950471 -0.015566014 0.022388447 0.016518127 0.024175486 -0.05661219 0.040393632 0.00037047692 0.067646876 0.04948956 0.028037945 0.012110404 -0.032268215 0.042721275 -0.043453828 0.077795595 -0.00064666214 -0.09016093 0.022917842 0.022825163 0.05595444 -0.04033396 -0.032532874 -0.08116271 0.017059589 0.09951912 0.00081428303 0.0047696354 0.027141206 0.019429134 0.04946357 0.032028645 0.007072315 0.030755816 0.056205824 -0.11824006 -0.013107856 0.005156523 -0.039858747 -0.119976066 -0.053621218 -0.03891656 0.03672994 -0.001401513 -0.113768294 -0.04128499 -0.028253816 -0.10025068 -0.099055946 0.10349554 0.13568756 0.012581049 -0.049573585 -0.040250916 -0.031122856 0.1004006 0.053443085 -0.020716405 -0.020801874 0.07746648 -0.026863705 -0.049064767 -0.059771534 0.012099211 0.03458504 0.09098251 -0.0055913446 0.025158891 -0.040460236 -0.08951803 -0.016434211 -0.08400033 -0.054162886 -0.04547353 -0.057872884 0.014763076 0.0027483003 0.030286048 -0.082193576 -0.0003243123 -0.0841419 0.014775897 0.04581618 -0.029099997 -0.08384644 -0.017664567 0.023700485 -0.15380281 0.034210403 -0.053253252 -0.013541183 0.0048224335 -0.029254284 0.03816748 -0.02360699 0.0074818544 0.18938105 -0.095427684 0.015742995 -0.02288848 0.019749017 -0.13128756 -0.055908374 -0.035334785 -0.018503552 0.014136139 0.011411404 0.013393418 -0.12552902 0.01000746 -0.12762937 0.0048126453 -0.08831494 -0.06868676 -0.10683445 0.057937417 0.05504506 0.053676933 0.07613248 0.034245245 0.067389354 -0.049419604 0.0034534321 0.06420461 0.0034649032 -0.07517963 -0.0371649 0.005344989 0.018279565 -0.05002896 -0.059725966 0.09181604 0.049099818 0.024769964 -0.0413766 -0.09368222 0.041069202 0.023914464 -0.004899002 -0.094118126 -0.01867593 -0.025447143 -0.024641084 0.024751844 0.08425975 0.016740458 -0.09782731 -0.054581106 -0.040004216 -0.06288258 -0.07876377 0.031778753 -0.08052864 -0.021260556 -0.023593638 0.053909663 -0.107425064 0.09288816 0.061879475 -0.049957085 0.029523335 -0.0075151674 0.014669676 -0.028321873 -0.0370779 -0.015970591 0.026145106 -0.06314655 -0.11722167 0.07382796 0.02162727 -0.112979904 0.013475523 -0.14047043 -0.005998214 -0.0101386905 -0.06983152 -0.052189413 0.009055055 -0.02154281 -0.055004563 -0.16727138 0.012987491 0.057957236 -0.005630567 0.10889501 0.007325319 -0.026206322 0.053198464 0.009355073 -0.04116059 -0.11010052 0.093358174 -0.030490974 0.0408207 0.08825933 0.024527572 0.10946418 -0.00162567 0.016053787 -0.016224544 0.054179735 0.017886978 -0.090261884 -0.022261644 -0.028079405 0.045572154 -0.08206089 -0.037080716 0.095148616 -0.1058785 0.06154625 -0.011751616 0.019754639 -0.08190565 -0.120069265 -0.08402376 -0.019023161 -0.060737036 0.04548262 0.01794686 -0.053215034 0.041351017 0.03406649 -0.00038571918 0.044175286 -0.075177245 -0.045740593 -0.047316924 0.078797005 -0.033393104 -0.032169893 -0.02710002 -0.011525935 0.020314896 -0.041890793 0.035542365 -0.05448031 -0.08106105 -0.04563986 0.0623641 0.03170731 0.059640687 -0.013546363 0.0001203859 0.042628776 -0.029276468 0.00393913 0.08014639
trinity 0.02906266 0.06407946 0.050968416 -0.032612167 0.0060096337 0.09613226 0.03119998 0.001700431 -0.0014729708 0.046705294 -0.068096995 0.011702179 -0.062467236 0.07789597 0.02919034 0.07128643 0.024712833 -0.058052324 -0.030861685 -0.09277497 0.0677252 0.050971113 -0.06759791 -0.11811996 0.0399249 0.089010715 -0.07552826 0.050896317 0.002856372 -0.119885564 0.043340433 0.013169283 0.05393743 -0.008788447 -0.065191135 0.06892127 0.03980264 0.05224967 -0.10656455 -0.021452062 -0.03898399 -0.055065233 0.010266896 -0.053420726 0.0024304925 0.112309165 -0.02696925 0.102681994 0.0118045565 -0.0033799673 0.01866462 0.015892658 0.08535984 0.054537352 0.021552917 -0.06777082 -0.028597886 -0.0147372885 -0.008659635 0.029603848 0.08162467 -0.04554021 0.10866555 -0.09045035 -0.011087942 -0.08150833 0.040579107 0.028129395 0.009129052 0.1877294 -0.056336008 -0.0053176666 0.03348807 -0.002207539 -0.04122241 -0.062226966 -0.039958168 -0.09735669 0.07292933 0.03310423 -0.016598448 -0.102020636 -0.06075385 0.024994723 0.0021995585 -0.021589054 0.016329177 -0.051779862 0.04618223 0.01168362 0.034727767 -0.03597237 -0.030319437 -0.000616264 0.015468762 0.005801095 -0.031775434 0.13075726 0.015469831 0.0026207904 0.07733895 0.01988285 -0.0005069925 0.0018085596 0.009476189 -0.047065407 0.03578454 -0.03616985 -0.00948798 0.026662452 -0.021900143 0.00819883 -0.032131672 0.018397013 -0.09894183 -0.010786367 -0.061655562 0.057590507 -0.04875649 -0.03260945 0.017301882 0.042174123 -0.01925233 0.03390024 0.024074035 -0.06295654 0.020888222 0.030740444 -0.060033914 -0.0342511 0.028962051 -0.013945319 0.09687737 -0.102991864 0.06927526 -0.0008137113 -0.087515965 -0.024825452 0.0781569 0.009227453 0.030017475 -0.020905074 -0.004962849 -0.011127307 -0.03174135 0.023457251 -0.043443516 0.006419249 -0.032918286 -0.08587751 -0.014648001 -0.0571741 0.032951158 -0.0036859477 0.022261828 -0.1515312 0.10446961 0.11568262 0.100210145 -0.032012675 -0.10810423 0.058325138 -0.016041612 -0.074065976 -0.041669954 0.047068965 -0.013569821 0.10490632 0.037000377 0.06293131 0.01173359 -0.013685982 -0.050212655 0.0061932523 -0.015735356 -0.042277016 0.013705747 -0.03704522 -0.061325762 0.034326 -0.032910272 0.0103521375 -0.07388945 0.07792849 0.031533953 0.011921198 0.05862363 0.060561076 -0.0064117727 0.077018484 -0.034584224 0.062040888 -0.069245145 -0.14409979 0.07689773 -0.065048784 0.036977544 -0.07863355 0.07866214 -0.0372501 0.10345139 -0.06809457 -0.0783991 -0.035009723 0.0007428925 0.05622725 0.1155085 -0.044613436 0.036661755 0.046536583 0.0037724387 -0.00467724 0.052369412 -0.016787207 -0.005014785 -0.0803566 -0.044997014 0.107768916 0.00089693425 0.07716006 -0.036168657 0.058005456 0.048252657 0.04565607 -0.059024245 -0.005089056 0.072200105 -0.026435442 0.030678693 0.014897933 0.008929828 -0.15288611 -0.026317878 -0.061182782 0.075835705 -0.033341482 -0.08859518 -0.08303627 -0.05369031 -0.034039598 0.04228553 0.009989696 0.07009771 -0.052174456 0.042622052 -0.022573847 -0.053694855 0.020221788 -0.016173203 0.027185554 -0.0359321 0.019943498 0.076000355 -0.055551514 0.17844509 -0.054912366 0.0016355272 -0.007718562 0.037863664 0.09563899 -0.09305882 -0.055104904 -0.01134234 -0.009779307 0.025699224 0.013637865 0.0857499 -0.029127527 -0.09632823 0.07601389 -0.091252826 0.05912077 -0.019340886 -0.0026349856 0.06304966 -0.00653375 -0.009575444 0.02254551 -0.060208227 -0.053850595 -0.10168105 -0.036275163 0.07064144 -0.015942601 0.047731675 0.078271545 -0.017850403 0.012013942 0.0050098076 0.018827073 -0.031183694 -0.069441885 0.08443507 0.091140814 -0.09144316 0.0112575535 -0.09006179 -0.035808064 0.015753986 -0.13518775
morpheus 0.012058748 -0.0370398 -0.08505456 0.02181271 0.10526323 0.031906784 -0.031617682 0.00811993 -0.10779188 -0.08467605 -0.032350037 -0.07864361 0.08488926 -0.04566737 0.009771055 -0.03659279 -0.022791145 -0.04021074 -0.013574367 -0.067189366 -0.033416584 0.021386715 -0.021098249 0.05413363 0.051213928 -0.0862434 0.070637524 0.0542026 0.06780331 -0.067809306 -0.045371234 -0.04854339 0.059720602 0.060216673 0.0107681425 0.08142455 0.07270287 -0.005342 0.016708227 -0.022749335 -0.07608389 -0.07868813 0.016940253 -0.069023274 -0.03351315 -0.03275105 -0.018773938 0.061766863 -0.008434105 0.027912846 -0.0328712 -0.19828011 0.0030711363 0.03421113 0.038249306 -0.05261237 -0.0077571203 -0.017823394 -0.06642927 -0.021200936 -0.051620293 -0.06321206 0.006272687 -0.074687906 0.057955567 -0.056878783 0.096277274 0.021878513 -0.073614545 0.012562418 -0.020897849 0.0057807676 -0.04734964 0.013121436 -0.07260997 -0.08204184 -0.026788143 -0.0056629363 -0.032187227 -0.003143564 -0.0078148255 -0.005288048 0.021121865 0.041759253 -0.017108237 -0.026263122 -0.036894646 -0.048144314 -0.0463289 -0.073343284 0.13881426 -7.4010204e-05 0.062130813 -0.033596277 0.061291948 0.12405511 0.00441129 -0.04742282 0.003734503 -0.010806453 -0.055403017 -0.026697835 0.014286234 -0.034789126 -0.050420117 -0.06616146 -0.04977839 -0.059313823 -0.114353195 -0.11629165 -0.0011009503 0.10291435 -0.029189209 -0.07418239 0.06162278 -0.026020626 0.019962879 -0.098262705 0.0927336 -0.025877092 -0.039892122 -0.011625802 -0.037633106 0.025386041 0.0034130407 0.0001393836 -0.0108156875 -0.020895058 -0.00020260552 0.04156635 0.025863197 -0.047376942 -0.05403472 -0.02771503 -0.02217161 -0.039414186 -0.02619062 -0.074893914 -0.021360254 -0.14463867 0.017757956 0.056786884 -0.019778518 0.030452726 -0.012072717 -0.073823206 -0.005449655 0.04180751 -0.032618433 -0.004047957 0.03547814 0.01879012 -0.020751152 0.0023079303 0.030203199 -0.037258018 0.008139118 0.023301333 -0.059603754 0.045006357 0.038899027 -0.054549742 -0.00796037 0.08141668 0.018994661 -0.0015789949 -0.04975427 0.090396054 -0.08981732 -0.04475449 0.024812473 0.13646169 0.21066914 -0.06309469 -0.016946968 0.08775777 -0.018769946 0.051709156 0.017614458 -0.010143703 -0.056163777 0.057800386 -0.052186556 -0.029692661 0.04450881 -0.0013503928 -0.06571955 -0.09310642 -0.087657504 -0.03455715 0.04222989 0.08463884 -0.1294095 0.048653197 0.049656816 0.03439097 -0.023104677 -0.04216898 0.05418373 -0.0494381 -0.06300426 -0.033074822 -0.040712226 0.06585825 0.018172374 -0.022943925 0.061020054 0.0015927183 0.019296065 0.06726633 0.056938544 -0.008070435 -0.037116054 0.12885703 0.06995725 -0.05925737 0.04473211 0.107697934 0.036092266 0.055986032 0.016247882 -0.009257204 0.10106348 0.005573974 -0.014948401 0.046180166 -0.013438134 -0.010605558 0.008298091 0.07626296 0.031026244 -0.0283849 0.0039988453 0.052921884 0.022377385 0.06270959 0.018066319 -0.032540634 0.028875204 -0.11364746 0.0561236 0.05413987 -0.00071570964 -0.016231056 -0.051234804 0.025281267 -0.030340984 0.049819 0.04072282 -0.09079066 0.034728583 0.030429559 -0.014386643 0.04499236 -0.11685923 -0.1375898 0.10754253 -0.02360676 -0.03302344 0.0052837245 -0.029566372 0.07497731 -0.027788177 0.123780355 -0.03605761 0.04825792 0.052048996 0.100674346 0.03548365 -0.050272785 0.019038716 -0.059898056 -0.15847458 -0.049908772 -0.0695841 -0.033187404 -0.14415354 0.0017906693 0.007583919 -0.0010713679 0.0013013497 -0.042027533 0.024830466 0.00786282 -0.09041985 -0.030316696 0.102948785 -0.038699925 -0.013322243 0.051480323 -0.00949824 0.0826029 0.047991212 -0.02326612 -0.07335009 -0.07971489 -0.12236567 0.009028851 0.031088047 0.06941926
cypher 0.014156163 -0.07156121 0.0046087475 -0.02521504 0.025096264 0.03027098 -0.048217397 -0.06760079 -0.08813176 0.048617974 0.04694872 -0.069069944 -0.05628148 -0.01777994 0.06705926 0.016844418 0.035971187 -0.051726874 0.06584179 -0.167367 -0.0827942 -0.08759343 0.027402472 -0.06914504 0.045508675 -0.011968436 0.046158306 0.049493965 0.047205962 -0.03517004 -0.028792841 0.041448645 -0.029367464 0.0348919 0.016009506 0.0002211351 -0.002894257 0.041561846 -0.043960273 0.1034911 0.08621515 0.019291678 -0.027305378 0.041786842 0.054851703 0.058408312 -0.030747652 -0.077128895 -0.052777853 -0.056529414 -0.06256075 0.0041921157 0.07305746 0.06877868 -0.018297726 0.0395956 0.0004569805 0.004371585 0.080610745 0.04226778 0.07536097 0.10000235 0.009313231 -0.044811286 -0.062719665 0.029541885 -0.030082813 -0.07644477 0.049391765 0.06687149 -0.07719655 -0.019148042 0.015530933 0.028520737 0.04354293 0.023965755 -0.0077099674 -0.010241947 0.03538157 0.016892279 -0.01415965 -0.075539626 0.005008628 0.063638665 -0.027922345 -0.0009328545 -0.025919659 -0.02761127 -0.07160336 -0.019939782 -0.10600812 -0.027244085 0.047378216 -0.11608762 -0.08884458 -0.10337876 -0.0020071622 -0.043872967 -0.021474395 -0.01667716 -0.013967083 0.03360123 -0.046123717 -0.020358771 0.12158997 -0.00036295052 0.011394048 -0.03403794 0.020908296 0.025315272 0.02093376 -0.006130729 -0.027146494 -0.16419916 0.049484447 0.036674373 0.050769083 -0.059172235 -0.08306449 -0.037953842 -0.15047856 0.052380648 -0.08499123 -0.03995307 -0.007147177 -0.06482577 -0.044638567 -0.047318872 -0.010207907 -0.05462187 0.11963522 0.02117013 0.028292336 -0.025506552 0.037047956 0.025561271 -0.056867972 -8.545089e-05 -0.06081131 0.008058374 0.06252031 0.0035154594 -0.15224284 -0.016805619 -0.035012357 -0.09979471 -0.05218865 -0.051689044 -0.030338442 0.046681542 0.0486242 -0.022627305 0.057344235 0.02786087 -0.027761856 -0.005006907 0.09411681 0.051526867 0.051893663 0.01961509 0.041887365 0.029561395 -0.040804807 -0.015848469 -0.089001946 0.006530878 0.05157947 -0.05192389 -0.04336493 -0.041597277 -0.15782663 0.062072117 0.060850043 0.05641492 -0.03880809 -0.03740145 -0.03899 -0.025142862 0.023260962 -0.09399728 -0.025427168 0.042020902 0.10406437 -0.07052494 0.0242246 -0.11016523 0.019944664 -0.025110856 0.016571019 0.087090425 -0.053457752 -0.018290943 0.12449603 0.060692415 -0.04275235 0.11478142 0.026578126 -0.005350647 0.10920273 0.03095907 -0.02278849 0.0075573875 -0.06419911 -0.041620366 0.044006746 -0.02837606 -0.043468636 0.025242835 0.024775246 0.0444518 0.05147386 -0.057021555 -0.0129912635 0.07675366 -0.028864048 -0.13302477 -0.025293512 0.12119811 -0.069427095 -0.009620692 -0.021081608 0.038453285 0.059088606 -0.03449211 -0.013740402 -0.009384812 0.036114756 -0.023823695 -0.14095864 -0.07888202 -0.06413147 0.055426877 -0.029964883 0.028874742 0.05050125 -0.09361893 -0.011560753 -0.14078109 0.08479159 -0.02086413 0.0013972857 0.037279353 0.008227405 0.0054582045 -0.025821418 -0.088100135 0.031355686 0.03731634 -0.08275527 -0.14005508 0.027131656 0.0417058 0.080533564 -0.027796952 -0.023335414 0.004803751 0.11116027 -0.0104916375 -0.0039415318 -0.018842196 0.08971914 -0.040196247 0.025372084 -0.042224865 -0.101298995 -0.12186758 0.0016036626 -0.051752947 0.08464248 0.084872246 -0.04495146 0.06775744 -0.031187734 -0.02233361 0.006926278 -0.0909173 -0.038870603 -0.0047249994 0.014444146 0.064716764 0.029062105 -0.02523095 -0.033756718 -0.035807498 -0.0066958675 -0.028449956 0.05103297 -0.02441886 -0.041885756 -0.040508755 -0.14697632 -0.090276435 0.035050828 0.01574611 -0.037572913 0.026339304 -0.0010245085 0.024549168 0.003277918 0.06641306
truth 0.061115753 0.048717562 -0.015663568 -0.05664878 0.10839903 -0.08351367 0.008454142 -0.03838109 -0.0014542266 0.006848979 0.047279563 -0.08341288 0.10210014 -0.049718637 -0.109421425 -0.13814789 -0.007398016 -0.064196564 0.038276833 0.0057909386 -0.0431841 0.09423887 -0.08264209 -0.059435707 -0.008729971 -0.005629537 -0.03621268 0.082999595 0.08831187 0.0569104 -0.030267125 0.045033548 0.07477277 0.03016793 0.05327385 -0.017448233 -0.054204073 -0.0030145864 0.033645872 -0.071806364 -0.056668594 -0.047032874 -0.066499494 -0.02763597 -0.14346902 0.036192104 -0.02584559 -0.058718566 -0.0076410314 -0.0164817 -0.06914243 -0.10875603 -0.06938189 0.027848301 -0.0016260305 0.0784379 0.036629725 0.020464601 -0.007080057 -0.09218079 -0.0051630577 -0.009418236 0.004774947 0.04889528 -0.04521477 -0.03687693 -0.008659172 -0.1090478 0.12217472 -0.035468955 -0.060453087 0.043064322 -0.01677798 0.04489091 0.053954713 0.10536646 0.00657567 -0.0059775226 -0.048605345 0.12597246 -0.060408253 0.005506318 0.05759547 0.096863404 0.023829047 0.05933886 0.0369402 0.0096187275 0.016115852 -0.0020244364 0.022871675 0.02596603 0.011236395 -0.0500026 -0.0074192784 0.051573828 -0.011003168 0.057911824 0.055903792 0.11288614 0.096701756 -0.06178238 -0.024378987 0.022023914 0.1569393 0.1023538 -0.04130052 0.05849799 0.057460736 0.05157604 -0.009304379 0.024217203 -0.06301788 -0.028340226 0.04602273 -0.01651033 0.026987107 -0.05022552 -0.09530351 -0.030037748 0.012872086 0.021171408 -0.10522119 0.022340845 0.06788865 0.03322764 -0.032082085 -0.023473877 0.0068342984 0.017861968 -0.026429616 -0.044191726 -0.08371917 0.045098852 0.04805532 0.074446104 -0.11740438 -0.03537109 -0.03459998 -0.11529532 -0.079871796 -0.04292843 0.03564284 -0.09131518 -0.032556154 -0.039941274 0.09572833 0.10567218 -0.08009942 -0.0347004 0.029849097 0.019732013 -0.124525525 0.07233988 0.04008763 -0.06092839 -0.09615878 -0.08337623 0.012835836 -0.031479437 0.038218066 0.038346723 0.03249777 0.03821197 0.0041102013 0.05309951 0.090498306 -0.077165484 0.13736977 0.026184814 0.04711455 0.058945395 0.016622204 0.006754654 0.046329573 0.034992475 -0.060433503 0.107874 -0.028191272 -0.05781367 -0.00048667367 0.06938909 -0.09124105 0.025953367 -0.053111978 0.1090731 0.002272812 0.12984875 -0.060938753 -0.082763605 -0.044491004 0.038401593 0.080747165 -0.0014890296 -0.08492008 -0.017145343 -0.021558695 -0.071811855 0.0755336 -0.032999888 -0.020547839 0.054835953 0.11286499 0.04341377 -0.07634158 -0.10110918 0.05224145 0.024861725 -0.012299504 -0.008469046 -0.07414622 0.07934391 0.028110651 0.010674713 -0.014764357 0.038139284 0.037814345 0.037150547 0.03298508 -0.007163856 0.057191968 0.014155893 -0.047148786 0.007820332 0.031810034 0.063189805 0.07136688 -0.008597276 0.00344753 0.04207177 -0.03817194 -0.0757553 0.06517244 0.049266577 -0.02600035 -0.0005083112 -0.12257219 -0.06233085 0.01867808 0.039356504 -0.045773935 -0.0047564 0.036617577 0.011549885 -0.020490756 0.002935226 -0.03438117 0.038158454 0.023453003 0.009982549 -0.03037566 0.040895086 0.06503443 0.07880482 0.0013610399 -0.027893728 -0.024806058 0.009951033 -0.06296267 -0.0064103315 -0.022568418 0.07321444 0.028277304 0.095251605 -0.05457963 -0.053132337 -0.019607393 0.0044379234 -0.08814512 0.079527 0.044647712 0.061355583 -0.04695282 0.0051728417 0.011071598 -0.058243126 0.040386546 0.0035598315 -0.0008909709 -0.12772012 0.11199014 -0.006910834 0.069382146 -0.115445614 -0.015092914 -0.07075334 -0.04601096 0.00970752 0.034793645 0.0042781653 0.005676179 -0.020586431 0.043811508 0.054150432 0.029068734 -0.0034056115 0.0531394 -0.016365789 -0.042015567 -0.008820606
lie 0.009700242 -0.06869812 0.021860827 0.13783802 -0.022266556 -0.04711148 -0.039883576 0.11268295 0.11126582 0.010695698 -0.017063187 -0.08103183 0.0113875875 -0.010389501 0.045488577 0.0467174 0.0036794995 -0.0560551 -0.018089533 -0.06643313 -0.039716586 -0.017221114 -0.0041466 -0.14105645 -0.01740092 0.0070775603 0.12868175 0.080607526 -0.05662129 0.06641789 0.061228547 -0.026318792 -0.016906014 -0.09125167 0.13613206 -0.012322323 0.09071537 -0.042766474 0.056093786 -0.0142453 0.004156997 -0.027423047 -0.10413601 0.026775109 0.0719242 -0.019433632 0.070774816 0.038379796 -0.06979634 -0.062459487 0.018939195 0.0219441 0.04489595 -0.06234477 0.026739733 0.036117323 -0.003979024 -0.02631105 -0.08476927 -0.008211339 -0.035575923 -0.022457173 0.016252961 -0.034877017 0.12877047 0.075639166 -0.022515824 0.024381658 0.07903035 0.05517181 -0.05652317 -0.003138708 -0.0036295778 0.038782798 -0.0120993 0.10304457 0.018969422 0.100369155 -0.09653637 -0.029573895 0.08252744 0.067910165 -0.03291423 0.06681796 0.043418046 -0.02389685 -0.00700459 0.068926685 -0.008600599 -0.032127906 -0.03711064 -0.033862606 -0.02871232 -0.05641454 -0.10611396 -0.047708105 -0.010947917 0.09423219 -0.12841958 -0.035483725 -0.0067931297 -0.056828257 -0.035353318 -0.0025053914 -0.08142492 0.059920132 0.008862626 -0.09255857 -0.13805518 -0.07158558 0.04414658 0.05053628 0.004670567 0.04607721 0.06594464 0.04487231 -0.069282986 -0.022485849 0.11738042 0.019505482 -0.052256595 0.046451386 0.07711065 -0.103892274 -0.012696363 -0.06934465 0.10713619 -0.03125368 -0.036708996 0.051198304 0.006428212 0.010978683 0.086025186 -0.08940946 -0.028754232 -0.061675783 -0.031504694 -0.040064424 0.05623208 -0.046094403 0.019737491 0.022536336 -0.015313522 0.037130628 -0.0037455456 0.04079808 0.094126426 0.004736472 -0.019158956 0.025591768 0.071102396 0.06897258 -0.010170659 -0.05801266 -0.0398107 0.1128157 0.0059309057 0.05154231 -0.099761955 0.017321454 -0.0229442 0.01856887 0.05836809 -0.033586714 0.020425243 0.07808748 0.02991314 -0.17536658 -0.046878695 -0.00895475 -0.04313939 -0.07206642 0.06067402 0.023084577 -0.04625485 -0.0676131 -0.024362357 0.059027843 -0.068020776 -0.014490266 0.040189352 -0.044558547 0.06915101 0.13413858 -0.05368336 -0.010068398 0.0569264 -0.07788762 -0.082553454 0.029373297 0.038856853 0.022374948 -0.049264017 -0.007737021 0.03676078 -0.019761326 -0.06323225 -0.04154058 -0.09537899 -0.035405144 0.12605894 -0.111846164 0.05221535 -0.0067962464 0.024693534 0.048869245 -0.012370884 0.025301123 0.0007529619 -0.057724487 0.015334161 -0.051762085 -0.049277455 -0.13359855 -0.0027142845 0.05797738 0.053830598 -0.07657334 0.05743813 -0.03540169 0.023367358 0.15725705 -0.05595647 -0.009064486 -0.05972249 -0.023047425 0.018055802 -0.02508358 -0.038623493 -0.011128261 0.02624607 0.014940671 0.04302561 -0.05325887 -0.02923411 -0.0012091434 -0.025575366 0.07945276 0.00016197683 0.043592773 -0.06758504 0.018041322 -0.009057535 -5.450302e-05 0.021567645 -0.0021035331 0.02841691 0.14508475 -0.07223276 0.034435004 0.06357807 -0.040336087 0.017742202 0.016686985 -0.039482635 0.007035026 -0.0033657511 -0.0511977 0.11560258 0.011708152 0.01034809 -0.020178124 -0.048263554 0.041940123 -0.015358592 -0.10646981 0.05844829 -0.008081554 -0.024940714 -0.08969073 -0.04232037 -0.083255775 -0.029055027 -0.013023894 0.0074707903 -0.045326997 0.0033747177 0.013812396 -0.012013154 0.065619715 0.023749445 0.060391534 0.036028832 -0.09068391 0.07705627 0.089662306 0.05120553 0.003423314 -0.03550229 -0.00557827 0.02458817 -0.01419839 0.006865915 0.108013764 0.041869674 -0.024527542 0.030036548 -0.065417625 -0.06675419 -0.020705117
awakening 0.0087239975 -0.0826051 0.084199816 0.082613744 -0.030914238 0.025765138 0.02474078 0.023711002 0.010689353 0.026197672 0.02043362 0.05026373 0.14544107 -0.041829243 0.17934205 0.0010371708 -0.012640262 -0.092078246 -0.11841615 -0.017495992 0.03844269 -0.06287186 0.027129633 0.018961143 0.0038251646 -0.10458273 0.08179843 0.04027693 0.05493197 -0.004370929 0.0077847526 0.13923495 -0.07802078 -0.01922774 0.011980365 0.0036535396 -0.023106907 0.012032611 -0.059599735 -0.06422938 0.0040713525 -0.028055152 0.009396127 -0.0912075 0.008160441 -0.03631464 0.04035638 0.09541114 0.12368368 0.04970545 0.016372385 -0.023239698 -0.11317296 -0.032584798 -0.038741034 0.060969006 0.09145622 -0.0468828 0.04115127 0.019235393 -0.037363123 -0.0019256753 -0.015250528 -0.03658693 0.031774852 0.014645697 0.043721072 -0.017667778 0.032946937 0.07385396 0.010919485 -0.082226485 -0.062616944 0.11408292 0.080887616 0.016065748 -0.04468712 0.12873514 0.052747943 -0.049971037 -0.061914355 0.042555746 0.11034938 0.114886 -0.06594739 0.04761131 0.013523028 -0.0243567 -0.0011422589 0.1005441 -0.00974847 0.028248737 0.004248836 -0.05751583 0.016568027 0.07930359 -0.020025425 -0.051680278 0.032431807 0.021966057 -0.058807116 -0.08816098 0.05938161 -0.099708155 0.04373844 0.05044847 -0.029309424 -0.018860087 0.12673178 -0.06863905 0.028774424 0.11881857 -0.05182046 -0.063311346 -0.0118758585 0.045818586 0.052011307 -0.069313005 0.026049552 0.1082939 -0.04762599 -0.014294153 0.028358988 -0.036898408 -0.00020537073 0.020609261 0.008767207 0.040629834 -0.004054327 0.01678875 -0.024878636 -0.03566807 -0.028921468 -0.019390993 -0.008779332 -0.03334097 -0.024204979 -0.07828906 0.04476769 -0.114993334 -0.0095994 -0.022850452 0.05475644 0.04487548 -0.070008196 -0.02850281 0.01134576 0.024596708 0.08171543 -0.0025699707 0.015469411 -0.05255155 -0.05473148 0.06775928 -0.06434397 -0.02100565 0.05514039 -0.0130393235 0.07563646 -0.067873284 0.06642489 0.03429727 -0.0032933634 -0.17095119 0.025801726 -0.06605709 0.05447336 -0.050584115 0.050782043 0.00544755 0.017293518 0.0410206 0.0014267114 -0.049716346 -0.06635544 0.039458837 0.00076663983 0.0035360653 -0.024032889 0.020013548 -0.05123687 -0.046848048 0.054996032 0.0064327186 0.06296314 -0.059992664 -0.036231007 0.10454776 0.0019132238 0.064633965 -0.03318895 0.09921136 -0.080209024 0.010977424 0.06307012 -0.020260869 -0.029549832 0.014235395 -0.036154374 0.02779137 -0.0061065215 -0.019717209 -0.053727005 -0.05987449 -0.08697714 0.04740315 -0.009355265 0.007736211 0.13879761 -0.078580834 -0.07785807 -0.008648366 -0.09259906 0.06903895 0.056772552 -0.0017512712 -0.004968081 -0.03150933 -0.0039617443 -0.0068621323 0.016109146 -0.04016843 -0.09301144 0.029739896 0.044161648 -0.0073853848 0.07527232 -0.00044983855 0.041849717 0.017151533 -0.039707314 -0.016199762 -0.0077084363 0.008130221 -0.016561348 -0.11723751 -0.0077810003 -0.021408692 0.024376802 -0.17491348 -0.086685725 -0.06059066 0.046538796 -0.0065518897 0.038741443 -0.074192286 0.005652426 0.0015745609 -0.02140666 0.0034267006 -0.08521571 0.07474763 -0.05763565 0.07473038 0.008666183 -0.061336685 -0.019979557 -0.0971273 0.039400525 0.055667765 0.019319855 0.02656677 0.027258286 0.010839987 0.058235463 0.03124231 0.008258701 0.021407418 -0.10770084 -0.059927136 -0.070496455 0.028289428 -0.05314093 0.017453928 -0.07797755 -0.12950814 0.061813846 -0.049102068 0.04028147 -0.10717256 -0.057009157 0.029553445 0.06496839 0.027906474 0.059549563 0.046869516 0.011494911 0.07382541 0.03489415 -0.00340923 -0.032804877 0.06555947 -0.065713294 -0.09225708 -0.10447218 -0.109865844 0.05656827 -0.035026643 0.0074975346 0.005589192
sleep -0.06120964 -0.16862063 -0.01998751 0.073470786 0.1066399 -0.009211096 0.06749248 -0.05390038 -0.019433862 -0.046328444 0.008143058 0.020890288 0.030221023 0.06837709 -0.065648444 -0.0020378216 -0.0224771 0.022789342 0.051401973 0.009284339 -0.037951276 -0.008493057 0.016670784 -0.052608 -0.0091368705 0.08787819 0.018121228 -0.03190064 -0.09600464 -0.118186094 -0.052223668 -0.037302855 -0.0041812942 0.040442225 0.029833468 -0.0136569785 0.07467291 -0.038181234 -0.12520163 0.084810115 -0.14049207 0.0722957 0.012097278 0.045287807 0.04700326 -0.08074604 0.008638513 0.029063545 -0.09848036 0.052755788 -0.05295886 -0.02769291 0.04813557 -0.05140356 0.006463376 0.022233212 -0.022572208 0.06769849 0.07626697 0.032851454 0.0011372428 -0.0017456023 -0.038297303 0.044583663 0.020547552 -0.010002047 0.10480326 -0.09607975 0.039782718 0.051542968 -0.018505063 -0.067480825 -0.030608078 -0.0060974658 0.029829077 -0.06597175 -0.035211895 0.10394793 0.01704242 0.06716775 -0.0050173034 0.05823461 -0.008085035 0.008259331 0.04923119 0.05160172 -0.07488376 -0.061879735 -0.067524575 -0.048327025 0.044408567 -0.07644541 0.011772332 0.03596005 0.017034605 -0.02277306 0.017224925 0.043400206 -0.0018694111 -0.097810596 -0.12467505 0.0027621037 -0.033660527 0.037736986 0.12080419 0.008114695 -0.13684298 -0.06836452 0.028910847 0.071120605 -0.0035086987 -0.0073255505 0.00742077 0.016629782 0.01083059 0.05654344 -0.08116648 0.032702465 0.041741423 -0.001099924 0.0019496991 -0.014081733 0.07469199 0.1993426 -0.017442469 -0.06263645 -0.026779031 0.044671547 0.031354893 0.017017074 -0.070208356 -0.018139921 0.06129797 -0.08380671 -0.017612392 -0.016805153 -0.037953954 -0.014649979 -0.05683161 0.020290034 0.119843975 -0.09416853 -0.020148346 0.00030345927 0.022027444 -0.0056294906 -0.038331635 0.01390116 -0.0058195125 0.075427316 0.007296356 0.0055623185 -0.05169715 -0.02192475 -0.038422935 -0.0101376455 0.016080054 0.044225097 0.03151825 -0.08847865 -0.19536197 0.029794987 0.00087424036 0.011203366 -0.0052488423 0.042206563 -0.008227691 -0.0029858493 0.07614005 -0.049287573 -0.012142378 0.022986583 0.006102098 -0.015935343 0.050312027 0.123229526 -0.00041046165 0.10151879 -0.008296338 0.053297784 -0.048816282 -0.02638922 0.0057063103 -0.04978213 -0.057837725 0.050286144 -0.013449883 0.078551926 -0.010791273 0.07500048 0.05051549 -0.045080226 -0.05641329 0.017217688 0.0038696248 -0.11183986 -0.014174624 0.050680872 0.009824689 -0.028161898 -0.12983711 0.099428795 0.07549896 0.009048467 -0.013392829 -0.072415404 -0.06577076 0.003261901 -4.5027708e-05 0.10758456 -0.05308256 -0.05280705 0.039170135 0.009420712 -0.068567395 0.06201277 -0.047273528 -0.106344834 -0.011432083 -0.050829004 0.11940076 0.031063048 -0.011425466 -0.023373734 -0.022975255 0.05786565 0.06181928 -0.027349008 0.049766436 0.06673987 0.029246427 -0.0551121 -0.08980743 -0.0004871505 0.0031442207 -0.03428335 -0.0624224 -0.120225295 -0.108069815 -0.08361132 -0.14813288 -0.05257902 0.040317044 0.13038269 -0.03150152 -0.043969147 0.009330955 -0.103568695 0.08941432 0.089719266 0.06117093 -0.037363995 -0.016086256 -0.061266255 0.025017593 -0.027673084 -0.09081831 0.015754169 -0.052185945 0.08809107 -0.08772449 0.039457105 -0.015165976 -0.012336752 -0.012910279 0.00022392503 -0.0049513835 0.03878554 -0.00050930405 -0.021052107 0.06974432 0.039336346 -0.0031587342 0.021433271 0.03168347 -0.018225536 0.043314252 0.11694529 -0.03965502 0.012932398 -0.06667502 0.077993855 -0.011302855 0.0062909676 0.015152228 -0.06490077 0.019299904 -0.018347215 -0.016237725 -0.04461274 -0.069651045 0.009620992 0.053245697 0.00016333681 0.0023027342 -0.015121398 -0.04089027 -0.033694424 0.12554176 0.010153707
red_pill 0.07890431 0.002176879 -0.05896853 0.0034767615 -0.023743572 0.015472162 -0.0038278503 0.005016666 -0.009841856 -0.03728173 -0.08863582 0.016226856 -0.093169875 -0.034166384 -0.011899157 0.15500169 0.0036044735 -0.074826814 0.02220893 -0.0009747744 -0.03971106 -0.022747742 0.033754382 0.013496844 0.029860917 -0.019500667 0.0225851 0.050103977 -0.16104063 0.016683279 -0.024280764 -0.048906684 0.035242293 -0.05260701 -0.07501891 0.014090863 0.09867847 0.06937543 -0.055934597 -0.009795631 -0.0623394 0.010809873 0.058330048 0.010407167 -0.007818414 0.009719161 0.0914695 -0.026785383 9.408421e-05 -0.0225458 -0.120285936 -0.02782615 -0.07148606 -0.033686858 -0.14988406 -0.032745652 0.061494358 0.12103485 0.01948917 -0.009437569 0.04118909 -0.07774572 -0.057860557 -0.088848345 -0.0038257786 0.04348316 -0.0034878512 0.011698425 0.01750743 0.1379388 0.026910242 -0.05796073 0.027676258 -0.027482469 0.024775138 0.08146998 0.033642653 -0.028175017 -0.017894266 0.027763175 0.0097633535 -0.022507932 -0.10746436 0.13681273 -0.0003004886 0.072761595 0.13669507 -0.028765608 -0.032428168 0.018465107 -0.022763582 0.049775623 0.024609622 -0.07185939 0.023185201 -0.019044288 0.082519025 0.05692325 0.090349585 0.028798677 0.032860328 -0.047126137 -0.016060518 -0.05775819 -0.07162263 0.19089627 0.013096928 0.094511144 0.010756637 0.1495249 0.0047509437 0.0061225244 -0.026197184 0.010675332 0.048281893 0.01286605 -0.1178363 0.10131183 -0.027796566 0.05588652 0.005253527 -0.029180363 0.04379383 0.0036118787 -0.06289577 0.039168555 -0.12396766 -0.055778105 -0.019100247 0.15449698 -0.014230184 0.064549126 0.0215028 -0.08667466 0.02844304 0.034701195 -0.08515775 0.042281296 0.047836337 0.046539646 0.038736783 0.005059241 -0.022552947 -0.034319647 0.088867016 0.0048420606 -0.007758878 -0.03368003 -0.056797396 0.007305917 0.027276186 -0.021456376 0.00067734066 -0.07558256 0.0065690028 0.016435625 -0.12838481 -0.044141125 0.05243235 0.034827445 0.03538795 -0.0070183314 -0.12188009 0.03657608 0.023767125 -0.01738738 0.061720673 -0.0848526 -0.029986251 -0.09576421 -0.07445618 0.006673361 -0.10379056 -0.030493468 -0.05813398 0.008933361 0.07837168 0.0048807515 -0.06163684 -0.060027983 -0.011476275 0.063297965 0.051452763 0.050152965 -0.012541624 -0.015496244 0.03469524 0.049717996 -0.06777999 0.04934123 0.083138324 0.038590137 0.04814343 -6.413009e-05 0.011724929 0.07923913 0.018527027 -0.0070701567 0.065351196 0.010815813 0.023548054 -0.1022184 0.030813958 0.0027587279 -0.088254355 -0.0679663 0.07630488 -0.011242841 0.04167081 -0.06463685 0.0009727167 -0.0463134 -0.056432433 -0.07935284 -0.027375037 -0.035858132 0.015623269 -0.06486902 0.071593046 -0.06156969 -0.034810893 -0.082362734 0.032633986 0.14022185 -0.0027174887 0.03963076 0.0026167368 0.008412821 -0.07013774 0.045900412 -0.0056429007 -0.076193586 0.005758039 0.06194368 -0.034707215 -0.0010599156 -0.008087626 0.06306148 0.02139454 -0.011124353 0.094024025 -0.0587388 0.08795198 0.011435675 0.006959505 0.04313669 -0.038418997 -0.11207045 -0.0421448 0.034626402 0.04220168 0.029896218 -0.021227982 0.005880773 0.06027304 0.05081487 0.07109052 -0.01793454 0.0316589 -0.040859945 0.042868692 0.07788392 0.07758509 -0.042898282 -0.01079084 0.0083845 -0.11645889 0.0034978108 0.045312967 0.023271656 0.002503 -0.041042812 -0.06996589 0.06895546 -0.05436243 0.04617922 -0.030430181 -0.02770357 0.0009550058 0.0075155105 0.033443928 0.09703669 -0.07349145 -0.035333995 -0.09643251 -0.01004551 -0.027186241 0.009734082 -0.008055179 -0.007793441 0.02553254 0.10511987 0.13987668 0.0035400763 0.02387582 -0.039945427 -0.0110697355 -0.1170175 -0.04463413 -0.023881055
blue_pill 0.032690503 -0.0065064454 -0.052507993 -0.019246213 0.12324897 -0.082891025 -0.035479464 -0.021474592 -0.04401391 0.029506693 0.016045094 0.035598118 -0.005694499 -0.006863179 -0.007117814 -0.14455885 0.019040806 0.091418706 -0.047914162 -0.059380528 0.0067059626 0.05436506 -0.016032917 0.007703117 -0.047236327 0.025037725 -0.06417231 0.0059617264 -0.061298184 -0.029348154 0.09429206 -0.026553823 -0.008326159 -0.029195992 -0.0047797556 -0.09407465 -0.005124683 -0.030512262 -0.04034353 0.047996376 -2.0693598e-05 0.056866612 -0.04529867 0.011613548 -0.042238794 0.023595763 -0.00333132 0.05408114 -0.022344127 0.08941819 0.035642616 -0.0060404604 -0.03765656 0.03657014 -0.041777875 -0.012535886 -0.107190765 0.006475156 -0.05075857 -0.021512685 -0.13229673 -0.023484884 0.015777942 -0.007650281 0.06294163 0.095807165 -0.015628317 0.012037859 0.14337112 0.07526866 -0.027183149 0.07157669 -0.106036305 0.054279193 -0.07007206 -0.075005315 0.13614346 -0.006452653 0.08438141 0.010944321 0.020588916 -0.0006108674 0.072276235 -0.037353385 0.00092696707 -0.027214678 0.009708699 -0.09946084 0.0730593 0.048317764 0.032875773 -0.04511084 0.015097664 0.0215641 0.03254309 -0.065135054 0.017449038 0.027507367 -0.041526906 -0.09701038 -0.06276952 0.004891178 -0.00016721587 -0.06476275 0.01409861 0.034206323 -0.03051361 0.00065720367 -0.035851303 -0.033276502 0.05211601 -0.01183761 -0.033219837 0.20402226 -0.059888706 -0.035299525 -0.13343653 -0.0917399 -0.009129559 -0.06181962 0.0070272014 -0.07995946 -0.14639296 -0.01807793 0.0071705654 -0.01965987 0.0024926113 -0.015278005 0.14669003 -0.014648611 0.035258643 -0.037898432 0.004248864 -0.07975333 0.05961573 -0.0025740247 0.0009739991 -0.03989825 -0.056738798 0.027110256 -0.020959243 0.095126405 0.025116956 0.0019832985 0.07097694 0.018029088 0.006565601 -0.028707042 -0.045342777 -0.0006461695 -0.08422847 -0.046257924 -0.0144644575 -0.15190654 0.069135904 0.11544666 0.032304186 0.052091964 -0.030625056 0.08215418 0.020475117 0.065089524 0.013262865 -0.020831883 -0.03148094 -0.0361365 0.02818051 0.044619616 -0.02262904 0.02350491 -0.050359752 -0.03884043 0.08643933 0.025798613 -0.015936794 0.033477593 -0.049244817 -0.0895529 0.12879366 -0.07576638 -0.0583731 0.072094455 0.0116916895 0.0062836017 0.043532334 -0.0702403 0.054888614 0.031817913 -0.0747659 0.028922897 -0.030357448 -0.12647763 0.06503242 0.083993606 0.01095323 0.012690438 0.024279147 -0.035820507 -0.026727846 0.05041717 -0.047331803 -0.0008562905 -0.068947546 -0.06740619 0.015482062 -0.03474529 0.03840204 0.09268998 0.0014731373 -0.027618857 0.030196069 -0.06421077 0.005127837 0.0057304604 -0.018840048 -0.037585843 0.003470659 0.028616065 0.07253623 0.14278044 0.03474312 0.06592163 -0.025588188 -0.006822951 0.029947167 -0.01776197 -0.13161369 0.049150314 -0.022935962 0.01524291 0.061435457 0.018140012 -0.039934244 0.08860221 0.05779222 0.09121493 0.036114417 -0.039426528 0.022502383 0.04631744 -0.002151517 -0.05458739 0.06156409 0.05818055 -0.025463244 -0.047201145 -0.13633744 0.05822558 -0.00436162 0.11154313 -0.12645434 -0.0793678 -0.0016629772 -0.0682327 0.03963132 -0.051765647 0.08975911 0.01085788 0.022529166 -0.020948917 -0.006454448 -0.05588335 0.029073115 0.04606913 0.060281154 -0.056946456 -0.070232056 -0.058227673 -0.12768053 0.02381777 0.09209331 0.0509776 0.0005137499 0.005724092 0.045420475 -0.098212585 -0.06887384 0.03352441 0.033197083 -0.051492628 -0.02209577 0.044546723 -0.042060312 -0.027265018 -0.00085565716 -0.092167415 0.11815079 -0.04451167 -0.013372278 0.029982327 -0.055057675 0.038395617 0.08623172 0.011342149 -0.07996914 -0.051744625 0.02668929 -0.013477083 -0.047311064 -0.052312188
code 0.0376944 -0.09528312 -0.04990948 -0.02019954 0.002092209 -0.0010784265 0.019672884 0.028089166 0.04748058 -0.013832511 0.026673554 -0.04039033 -0.045171227 0.011679047 0.009254465 -0.019564657 -0.07340277 -0.052160155 -0.031366482 0.12664671 -0.06318779 0.054032993 -0.016117712 0.014813007 -0.028591255 -0.0704925 0.032853726 -0.08272813 -0.07096491 -0.110600896 -0.018298693 -0.07767235 0.033432975 0.02796007 0.037819445 0.047862194 0.057277545 -0.051711075 0.06212079 0.0023070138 -0.022005372 0.07578414 0.050943747 0.085048966 -0.028181145 0.000939965 -0.022452613 -0.040969387 -0.0646224 0.035118755 0.04134073 -0.003499305 -0.0047040056 0.022059184 0.10742786 0.07275155 0.026138479 -0.055809587 -0.10562368 -0.034369413 0.0005307608 -0.002147649 0.0032136685 0.0728778 -0.12379477 0.009596431 0.00024154653 -0.012656826 -0.0085547175 -0.05759507 0.11386579 -0.04134363 -0.061945707 -0.01923364 0.046191312 0.007705253 -0.016581008 0.014145624 -0.03549263 -0.013634672 0.008242582 0.18546778 -0.028947676 0.0078358 -0.01535732 -0.009968708 0.046664614 -0.004034916 0.0107990205 -0.10622078 -0.112893775 -0.033518333 0.010704314 0.038306866 -0.021517115 0.09837649 0.057913233 -0.089823514 0.056355327 0.049334567 -0.056939896 -0.027109634 0.014500934 0.021564648 -0.060646027 -0.094236925 0.041817337 0.04833631 -0.0646889 0.022269953 0.029959278 -0.030539786 -0.10279191 -0.07890234 0.061090935 -0.01338595 -0.007905619 -0.016246902 0.03765976 0.018675344 0.071166724 0.012003779 -0.046299987 -0.03401635 -0.024959872 -0.0407657 -0.04792446 0.0139644565 0.08601609 -0.029731628 -0.0048247245 -0.0138451755 -0.05600494 0.0593811 0.053604722 0.009890646 -0.02772754 0.0070778504 0.03891655 0.039744303 0.09719698 0.06695945 0.0024419483 0.07009857 -0.045628663 -0.026532276 0.032281503 -0.01966477 0.020931384 0.09538089 0.027548965 -0.05654811 0.07150353 -0.07067182 0.041585524 -0.004162792 0.0085343355 0.060482938 0.08997069 0.0032357608 -0.021492535 -0.022943975 0.05642024 -0.039862905 0.0014818803 -0.024875157 -0.06097199 0.0030845744 0.06960521 -0.02088555 -0.048692323 0.06846479 -0.04461098 -0.010173981 0.113924876 0.09727892 0.08955466 0.0008326038 0.008765317 0.018301202 -0.012556196 0.08284081 0.0061470317 0.010525828 -0.029760182 -0.053207412 0.0609789 -0.018641379 0.018116973 -0.06811933 -0.03030531 -0.010841278 -0.0691561 -0.03742539 -0.015806567 -0.085475616 -0.011346091 0.037231706 0.10884304 0.0705431 0.017690448 0.005544988 0.065351695 0.045929182 0.0042577935 -0.059587974 -0.033483725 -0.04437449 -0.067509696 0.113432206 -0.008384737 -0.003571093 -0.099067144 -0.1238627 0.07088116 0.16574915 0.045543753 -0.085748635 0.027951324 -0.042342607 -0.015596945 0.09447214 0.014643225 0.029657565 0.009001867 0.03496871 -0.07785587 -0.023027247 0.03636899 0.10063342 -0.12868296 -0.15040015 -0.001848071 -0.055298705 0.043393523 -0.025047567 0.11075117 -0.028996725 0.060349222 0.086882226 0.11338632 0.065103464 0.08467836 0.007364517 -0.0012978775 0.027322683 -0.03173286 -0.09220948 -0.04989553 0.042016827 0.09492973 -0.13228312 0.027256511 0.041041035 0.05329166 0.079396665 0.002157095 0.07954305 0.04800448 0.09205728 0.050902672 -0.053742528 0.0059734704 0.056446947 -0.041458026 0.0242781 0.04627579 0.019761046 -0.052030306 0.030727977 0.116217256 -0.10321512 -0.06795055 -0.09377528 -0.054186817 -0.009503561 -0.06077113 -0.020751502 0.023341509 -0.04614601 -0.041443277 -0.0020614653 0.014120645 -0.012812919 0.11125874 -0.02501063 -0.051598523 0.0692705 0.08009128 -0.0857081 -0.0012357768 0.09378412 0.021190489 -0.0107428115 -0.0767964 -0.059020773 0.0028694556 0.0055228784 0.14830145 -0.06554251
program 0.0033947 -0.025652872 0.02836343 0.025429547 -0.016414432 0.027196411 -0.06619267 0.01174155 0.0024657142 0.03736065 0.05835236 -0.040560402 -0.012871311 0.010951132 -0.018131318 0.026009072 0.05037862 -0.037961133 -0.0799209 -0.014330581 0.04371349 0.018980686 -0.10543682 0.013969398 0.037794456 -0.061257888 0.12132615 -0.0147935515 0.021366112 0.04853606 -0.0044007115 -0.014164024 0.065918714 -0.07781707 0.08881932 0.008345741 0.025844494 0.0007870772 -0.016704677 -0.014554701 0.11947812 -0.039979223 0.023614878 0.060444593 -0.009854834 -0.15346694 -0.03362698 -0.021955777 0.06164991 0.04816485 0.019202977 -0.017157363 -0.08677344 0.077041335 0.07520769 -0.051427685 -0.040144414 0.03427983 0.02623493 0.08810875 0.050399758 -0.08116587 0.06993827 0.05087948 0.08643661 -0.023730004 -0.012718128 0.020161921 0.031528946 -0.0151276775 0.033757415 -0.046913754 -0.032577053 0.018598549 0.097427 0.017639318 0.026738143 0.00054603623 -0.009694958 -0.014172044 0.04926683 -0.018122803 -0.04176817 0.017353473 -0.0055937152 -0.0658213 -0.0026823776 -0.003258239 0.0004094317 -0.014847906 -0.01796606 -0.032789588 0.056863617 0.072294354 -0.042896774 -0.015385759 0.12663856 0.019980593 -0.01137197 -0.13233313 0.021991901 -0.011037408 -0.021301093 -0.03812608 0.01883962 0.048365213 0.002184606 -0.037971176 -0.08093948 -0.039140534 -0.07237215 0.046265602 0.023189018 -0.013300915 0.06014208 -0.036141265 -0.06059592 -0.0061553065 0.030776625 -0.0791429 0.08374647 0.05465374 0.008067624 0.069557674 0.1557451 -0.107069306 -0.0021331874 0.055925984 -0.010266789 -0.034501128 0.055329848 0.027154028 0.03934028 -0.07020895 0.07444175 0.011768352 0.14967617 0.039052095 0.095053196 -0.005720377 -0.03469066 0.0476871 -0.08515386 0.010787834 0.0212161 -0.021382673 0.055307228 -0.075509846 0.024891999 0.08406309 0.0013838995 0.051880643 0.05414193 0.081404895 -0.015212095 0.05548304 0.00031060068 -0.06500058 0.011198608 -0.037066113 0.07102368 0.01864524 0.059657652 0.013855802 0.10091722 0.012159595 0.06776129 0.09546567 -0.008163161 -0.12316117 -0.043103375 -0.10267697 0.0041081295 0.004572208 -0.073233515 -0.039321948 0.04170353 -0.07526347 -0.008373427 0.008965402 0.026879394 -0.02906176 -0.012492103 -0.007348643 -0.058003783 -0.013104274 0.01701119 0.021366242 0.012038567 -0.07187231 0.032151744 0.0049131108 -0.01785603 0.003987007 0.055315286 0.032164656 0.005967424 0.04726071 -0.07883364 -0.0067121214 0.005779046 0.01783522 0.035333626 0.08860415 4.6621153e-05 0.045880415 0.017794786 -0.059978545 -0.018567644 0.052979164 -0.022547856 0.05339026 0.046417817 -0.0882422 -0.067743026 0.024179602 0.06997542 -0.010385375 -0.01819824 -0.098900825 -0.08235297 -0.014892845 -0.008497214 0.021824218 -0.044675812 -0.008375182 0.010950287 -0.041580692 0.041485734 -0.04985143 0.05675554 0.030224126 0.015929896 0.011456137 -0.06338747 0.056356028 -0.01309635 -0.012218349 -0.15522136 0.012541667 -0.10957976 -0.026988324 0.09329099 0.031893622 0.03334397 -0.040200356 0.16737285 0.053694464 0.08117432 0.016247325 0.06954744 0.07734738 -0.03025249 0.11819929 -0.049522504 0.04924583 0.049606655 -0.034110114 -0.12583649 0.090266675 -0.0922706 -0.061892603 0.07942046 -0.044798892 -0.011077122 0.18228143 -0.005171736 -0.08847563 0.119866125 0.023455234 0.025370747 0.02421925 -0.1039952 0.08659899 -0.04659602 -0.046963383 -0.023296589 -0.014420634 -0.023115633 0.016624877 -0.03591563 0.14585403 -0.056540847 -0.077294126 0.0062793293 0.050616775 0.05054148 -0.07976346 -0.06281546 0.022429349 0.09132335 -0.06439023 -0.110486254 -0.060783885 -0.008471168 -0.06969492 0.11897468 0.078461155 -0.009302002 -0.115736686
digital -0.074691795 -0.080053315 0.043020397 0.039705988 0.015689427 0.029051943 0.08182117 -0.038135953 0.14834368 0.06237988 -0.041156285 -0.00083599595 -0.028192244 -0.07571196 -0.03027998 -0.025856297 -0.06777144 -0.004169811 0.030137738 0.011350004 0.054743767 0.0039240066 0.02105897 -0.05879867 -0.07618491 0.039267 0.012312316 0.013345634 0.109876074 -0.06037139 -0.028316993 -0.053768937 -0.07447619 -0.03640733 0.05517924 -0.05810921 0.048147198 -0.063933544 0.025948426 -0.0655382 0.09950783 -0.051350933 0.034325626 0.023560807 -0.059795156 0.04726337 0.063969426 -0.06187259 -0.012078157 0.12742026 0.101918474 -0.06740135 0.010789717 -0.023047373 -0.061471626 0.07151974 -0.024666326 -0.021582827 0.06264293 0.015533308 0.080348864 0.08104152 -0.10242483 -0.012860946 0.060588393 -0.03763348 0.03857788 0.0841325 0.07501202 0.07431888 0.0070108096 -0.08717713 -0.09722157 -0.00899269 -0.035172444 0.009155842 0.038839646 0.114475116 -0.053338278 0.019120734 -0.052795693 0.07078284 -0.09249342 0.019551883 0.0008944326 0.06274775 -0.07110588 0.06661242 0.0032342933 -0.001956646 -0.06493386 0.025122415 -0.040091716 -0.0051981527 0.04914027 0.009281479 0.082757495 0.04832901 -0.052224766 0.07679364 0.042310372 -0.06615564 -0.04749076 -0.059197478 -0.007831913 0.017537573 -0.0109805 0.05418034 0.04440038 0.055428702 -0.10109165 0.0028997022 0.021039836 -0.016175454 0.04636428 0.088075876 0.022679709 0.0081335455 -0.042979464 0.049691427 0.045332555 0.061591566 -0.05425252 0.04169541 -0.07687131 0.038463056 -0.01437519 0.021444028 0.0354415 -0.057763956 -0.04211676 0.002740385 -0.021161094 0.05787519 -0.11229344 0.021900045 -0.06191333 0.029300224 0.023138048 -0.024448985 0.03824175 0.025292512 0.03068969 0.0361411 0.016924607 0.086923175 0.050617177 -0.09488976 0.013758926 0.042093255 -0.07220673 -0.034419946 -0.07091886 0.04377548 0.046120215 -0.022588866 -0.017939921 0.028992973 -0.067207254 0.09963813 0.072439626 0.014732122 0.02477222 0.10419752 -0.00088602066 -0.033834223 0.095702626 0.051877096 0.021039298 0.11825071 -0.07955822 -0.06123094 0.007684347 0.048180703 -0.09836964 -0.048295587 0.023498489 0.10355669 0.011812385 0.00830276 0.033744056 0.06170979 -0.0069483607 -0.0013687324 -0.007829504 0.03244249 -0.020512806 -0.00935719 -0.035280854 -0.059428856 -0.067492686 0.05713915 0.029748904 0.11230414 -0.02095424 -0.013863805 0.041527957 -0.015309023 -0.03839112 -0.018647442 0.012703294 0.03235294 -0.06381386 0.014362203 0.06730524 0.013486535 0.023327118 -0.008204464 0.052482262 -0.02995832 0.01701678 -0.059268855 0.015542005 -0.009844718 0.050415315 0.023596197 -0.07711373 -0.012649494 0.1012021 -0.021673065 -0.03478989 0.0055232057 -0.0367512 -0.053474165 -0.08327777 -0.037420888 0.0028527195 -0.0016179857 -0.06521998 0.056895137 0.033106335 0.048259635 0.033812623 0.09550649 -0.011087854 -0.040069092 0.04238848 0.035359766 -0.08720703 -0.029384853 -0.031167645 -0.024205696 0.039638188 0.02046906 0.03234221 0.062412947 0.04383997 -0.100481994 -0.006407443 0.010454689 0.08581168 0.05788381 0.07636717 0.074596375 0.022885744 -0.11791408 -0.0009095843 -0.053710036 -0.04396527 -0.109176196 -0.058942635 -0.047015555 -0.05643363 -0.043679204 0.08236185 -0.03916269 0.060338918 -0.035803497 0.10583053 0.05886599 0.21803212 0.04231944 -0.03793085 -0.07535565 0.007350321 -0.02375952 0.10816309 0.10391906 0.054379757 0.0043555615 0.029630128 0.030666387 0.043583088 -0.06928382 0.08922721 -0.034709997 0.04145297 -0.10106031 0.12557039 0.03367932 0.049876876 0.021437086 -0.13017796 -0.08883856 -0.047932353 -0.13179053 0.05295937 0.0106421625 -0.05388358 0.095998555
virtual -0.051535305 0.07239796 -0.04607486 0.059662856 -0.03210621 0.04799847 0.0019719184 -0.01999028 0.093337044 -0.0035264345 0.005063051 0.034786996 0.04807675 -0.07705383 0.02326567 -0.038998615 0.048928656 0.15816396 -0.060823057 0.08745884 -0.026611345 -0.073340155 0.14056015 0.057932638 0.048773035 -0.11767947 0.018342217 -0.015138504 0.058402747 0.012762396 0.113357015 0.014909818 0.018245814 0.014070184 -0.06040053 0.003989175 -0.1485262 -0.00011967763 -0.004209505 -0.0035349224 -0.08487639 0.006358853 0.043455344 -0.12453115 -0.09783538 -0.04768206 -0.0010374449 -0.012398084 -0.0155024305 -0.05316665 0.012555429 -0.032494083 0.116862215 -0.034865506 -0.054202355 -0.04045818 0.072953 0.04063902 0.0101900995 -0.0037990254 -0.009228551 -0.05051065 0.015214362 0.068259604 -0.013751361 -0.04101015 -0.01713243 -0.072913826 0.0036401784 -0.0862724 -0.024778567 0.044446383 -0.031293344 -0.035614405 -0.13119662 0.02714472 0.0333882 -0.0011987373 0.027841939 -0.03754354 -0.045882188 -0.07150209 -0.07835599 0.012132656 -0.045083378 0.031355612 -0.044225354 0.0024001086 0.078078344 0.016495189 0.0009125776 -0.01803993 -0.057989508 0.027960218 -0.112037934 -0.04690018 0.09331073 -0.10541165 0.09127042 -0.09423529 -0.04393077 -0.0014031536 0.08588773 0.011595055 -0.04519059 0.013241463 0.010596038 -0.059364285 -0.033066176 0.04110452 -0.0433132 0.09079782 -0.07823094 0.033337735 0.041024078 -0.005253295 -0.003124345 0.016324779 -0.06658191 -0.042305496 -0.057357844 -0.125862 -0.002095402 -0.018981598 -0.09540165 0.037088558 0.015620207 0.009223245 -0.060376994 0.0017188173 -0.036751863 0.030839326 0.041220777 0.03418149 -0.08399433 0.03745325 0.04673446 -0.035837546 0.04721085 -0.033829086 -0.004542674 0.04829775 -0.06912574 -0.04334947 -0.08676308 -0.0019964115 -0.0060691405 0.015819745 -0.02692797 -0.042062186 0.07013421 -0.14597395 -0.050750922 -0.030754773 0.12121615 -0.03642636 -0.009336525 0.03959523 -0.044754185 0.028705616 0.03825468 -0.09485737 0.08684218 0.050201166 0.042830333 0.026631095 0.03264178 0.026535647 -0.119086206 -0.029173344 0.0072807246 0.0063499953 -0.031174771 -0.04838701 0.0019689885 -0.0041964995 -0.11941854 -0.0015072046 -0.0040173517 -0.039557293 -0.0752762 0.040800374 0.011320587 0.027921326 -0.06346677 -0.05180927 -0.05200807 -0.122745715 -0.022163784 0.016802149 0.06995671 0.08750607 -0.029359186 -0.009777428 0.00082767074 0.016264178 0.021301966 -0.10454742 0.058721226 0.019614926 0.0028636253 -0.051490944 -0.076867275 0.020514995 -0.0015389706 0.07637329 0.00723966 0.031010272 -0.00494015 0.0705115 0.0013064271 -0.09538457 0.0007091115 -0.13597167 -0.11021008 -0.05518849 0.039822705 0.03883412 0.0048335725 -0.020087302 -0.058709998 0.054507226 0.044909447 0.0156756 0.05338915 0.09864658 -0.02617716 -0.10790096 0.061079845 0.06017685 -0.0024373047 0.027473696 0.046761587 -0.008246139 -0.08711979 -0.034403913 0.076687254 -0.059074566 -0.07220997 0.07456146 -0.052999772 -0.039866947 -0.043243375 0.09137906 -0.02083761 0.006627257 0.011007683 -0.07218285 -0.02325983 0.015527467 -0.005189973 -0.025883332 0.03995071 -0.097097486 0.07543191 -0.036453336 0.08765473 0.053519763 -0.057058867 0.10819558 0.025703937 0.05510593 0.106187746 -0.09003057 0.01921138 -0.088282526 0.03924914 0.006867025 0.08141784 -0.031285338 -0.042533513 0.025407644 0.029269429 0.0084886 0.056685932 0.059139017 0.08977066 -0.045941424 0.005661948 0.10207569 -0.05748164 -0.073200576 -0.12733279 0.004773401 0.06940645 0.018031243 -0.050717164 -0.048994903 0.08503565 0.041252263 0.05361793 0.04788953 -0.07131727 0.05066016 -0.07520149 -0.025928967 0.08501612 -8.529411e-05 0.03473083 -0.014086969
physical -0.042209327 0.014925953 0.029764052 -0.03149152 0.09889624 0.12383942 0.08511809 -0.11863757 0.07043253 -0.13528079 -0.018512793 0.041770197 -0.033988267 -0.026871992 0.019301716 0.07772384 -0.05185086 0.022615617 -0.025216665 0.054464452 0.06019851 0.06423672 0.0045005586 0.027946975 0.09607282 0.01715848 0.013278385 -0.046450306 -0.03394125 0.058362037 -0.0019471251 -0.037788898 -0.022598559 -0.04377615 -0.084716104 -0.014162233 0.024458155 0.019708315 -0.12022837 0.008185773 -0.042038344 0.014938713 0.04498888 0.048043344 0.13140854 -0.031637367 -0.00902089 0.014852752 0.019347556 0.0026740213 -0.054944437 0.036906905 -0.003980284 -0.049982868 -0.020898746 -0.049583398 -0.06458643 -0.038159274 -0.115574725 -0.017992413 0.03616837 0.12718245 -0.08252499 -0.03326062 -0.0065330924 -0.06748326 -0.061388053 0.036533263 0.09048169 0.03773361 -0.036927897 -0.015395617 0.004130675 -0.09391114 0.039153688 0.07353799 0.09439587 -0.022093045 0.055342186 -0.0828702 0.029354967 -0.05599593 0.05231288 0.13073452 -0.030499348 -0.044839013 0.04965792 -0.032018192 0.00042396228 0.04075595 0.037190463 -0.05820242 0.022015756 0.0023820759 -0.0984268 0.012735581 0.063367136 0.049195223 0.12070203 0.0034675347 0.085520126 0.0086155 0.0077380226 0.029672204 -0.03293896 0.011596626 -0.047745373 0.032960933 0.02521866 -0.01695636 -0.08113988 -0.066910826 0.09313881 -0.038577437 -0.03293163 0.06413804 -0.04355123 0.029996881 0.00017526088 -0.02217352 0.066406295 0.044996046 0.08093188 -0.05521108 -0.0844268 0.11536591 0.0320936 0.029250069 0.045203988 0.020432016 -0.02903914 0.0011856304 0.13225234 0.02305329 0.023366785 0.09318551 -0.008181909 -0.014818674 0.059465468 -0.010001796 -0.025189422 0.09930783 0.026298763 -0.12504545 -0.013585109 0.08792472 0.043052588 0.05953948 -0.077176504 0.03463068 -0.060826603 -0.023531923 -0.066988066 -0.040402375 0.14001216 -0.0689742 -0.020391876 0.038127404 -0.061920315 -0.0055633187 0.027238479 -0.109563865 0.14062609 -0.05228276 0.050160713 -0.08754281 0.039497577 0.04728726 -0.120978385 0.010037032 0.013385005 0.064907685 0.046454333 -0.034785673 0.008483572 -0.012346894 0.033208515 -0.01516981 0.016186843 0.059296865 0.0060486626 -0.034966618 -0.08389704 -0.05792536 -0.046916343 -0.06405971 0.13553254 0.09518761 0.09048082 0.020019026 -0.04430168 -0.06804607 0.02661375 -0.026720656 0.03446712 -0.0005679736 -0.005682733 -0.06585126 0.031058919 -0.0038575341 0.035671387 -0.017956002 0.084788024 0.008710137 0.10659122 -0.008114655 0.037009075 -0.028200835 0.015603368 -0.056857664 -0.06671317 0.038649075 0.07498192 0.020174246 0.02831325 -0.01398213 -0.044221528 0.102576055 -0.042827755 -0.081970125 0.12671407 0.018506492 0.01666226 0.036640823 -0.048813045 0.012658865 0.081081145 -0.0031092765 0.0914338 0.08424865 -0.066055514 -0.033854 -0.026546795 0.029471066 0.067333974 -0.0707985 0.0054478487 -0.012631875 -0.015552222 -0.06476341 -0.07420352 -0.035763018 0.0051631136 0.0047316835 -0.073063284 -0.081074476 0.008189782 0.008648595 0.088902324 0.065692775 -0.022845332 0.051951468 0.042123586 -0.00537967 0.031762317 -7.205593e-05 0.0077050007 0.055474397 0.05857655 -0.042375747 -0.03932284 -0.013964764 -0.09516106 -0.026804587 -0.04859128 -0.105519585 0.06921878 0.03962535 -0.016898919 0.074851885 -0.13446109 -0.061947916 -0.016165873 -0.04882335 -0.04936243 0.014327461 0.07021648 -0.048420873 0.045809776 0.09953645 -0.02754981 0.06259589 0.06474447 0.024465304 -0.016075684 0.015903153 -0.04593695 0.014134778 0.028117845 0.006844339 0.06594173 0.059034932 -0.028372843 0.04387858 0.07772051 -0.03272361 -0.09211053 -0.0009993601 0.038861595 -0.100586526
mind -0.013851054 0.030624751 -0.019988641 -0.014766618 -0.015373975 0.023022411 -0.12641653 -0.0075371806 -0.095759585 0.029832887 0.00530176 0.051245134 -0.020192204 0.044194568 0.041484796 0.0632 -0.09344521 0.07677092 0.015299881 0.037624426 -0.06273979 -0.045587018 -0.04359207 0.01741411 0.04127986 -0.08484598 0.030893119 0.08055115 -0.05650072 0.048543435 0.011033535 0.012599967 -0.0047419798 -0.04317588 -0.039138265 0.038681056 -0.047860112 -0.047483176 0.040804114 0.02092425 -0.01255656 0.077016965 -0.027175052 0.026592087 -0.0021753225 -0.056644425 0.089285254 0.08166608 -0.029353615 0.039588846 0.02240616 -0.026709756 0.0017512352 0.010943921 0.014346349 0.042500425 0.0550303 -0.022155983 -0.041324023 0.014876792 -0.0035874366 -0.026355298 0.1002762 -0.024461683 -0.02991423 -0.06529068 -0.008096306 -0.022425571 0.021373982 -0.02273231 0.032255962 0.12720045 0.03603004 -0.07754504 0.021142377 0.0074488316 -0.024757229 0.01876495 -0.066334665 -0.011846652 -0.13527234 0.019033177 -0.054823697 0.17971359 -0.012423844 0.0378399 0.031322993 0.038089473 -0.043092266 -0.0023272552 -0.01382233 0.010752334 -0.052026995 0.02131022 -0.033541724 -0.012389384 -0.08330938 -0.026083145 0.03167606 0.045273468 -0.11383608 -0.04212098 -0.07046674 0.060468644 0.10017379 0.04350917 0.021050679 0.042583585 0.02567197 -0.08500336 -0.06802815 0.0028820375 -0.08308904 -0.0056663137 -0.0054185446 0.02983686 -0.056203034 0.069943026 -0.049569722 -0.06623242 -0.061394975 0.06391081 0.006744117 0.08617811 0.09875527 -0.01760472 0.09428461 0.013797526 -0.06634912 0.01893863 0.008376738 0.017978432 -0.019421639 0.07451165 -0.065832704 -0.044099078 -0.09996855 0.06429295 0.0037225632 -0.010160426 -0.027362416 0.07235412 -0.029849507 0.046302423 0.0521867 -0.052474264 0.05956005 -0.014082011 -0.037967633 0.009846561 0.0979981 -0.089316756 -0.08319389 0.036477566 0.0010384939 -0.09807041 -0.19275253 -0.049695496 0.037652165 0.00054724276 0.08492208 0.008034822 -0.05811786 -0.041796528 0.085459694 -0.002256712 0.032023236 0.03649224 0.05636728 -0.0032797067 0.114950925 -0.064486824 -0.0066287066 -0.081593566 -0.054527335 -0.053113695 0.046830304 0.008440878 0.041719716 -0.05923252 -0.04667203 0.046582032 -0.004481433 -0.109206446 -0.04461856 -0.047326617 -0.13886574 -0.014411228 0.053489406 0.027321946 0.027245909 0.013851968 0.05687699 0.019140996 0.00041816646 0.028272234 0.0031792107 0.03493596 -0.026078109 -0.009971545 0.045375127 0.06410412 -0.006515503 -0.019041864 0.067686506 -0.08639203 0.04285454 0.048436984 -0.067020714 0.14531864 -0.041282125 0.049819637 -0.066171706 0.011441085 0.09343276 -0.018384442 0.070423156 0.008109847 0.09339424 -0.0011080197 0.07103333 0.08128524 0.020021126 0.12059158 0.008066256 -0.026736021 -0.02080069 0.045080945 0.0014976013 0.03801847 0.057722162 0.05116124 0.010759425 0.015929898 -0.1371499 -0.123080246 0.031840976 -0.08300579 0.011010867 0.06909346 -0.06694525 0.024734408 -0.007787161 -0.083573006 -0.0030608154 0.044500727 -0.014634498 0.013391058 -0.08630435 0.014248226 0.007555934 0.06361615 -0.02979163 0.038030602 -0.12714724 -0.0373651 -0.06604706 0.05616707 0.03425466 -0.010912296 0.044175204 0.13064191 0.020583712 0.16860946 -0.011450148 -0.016228916 0.046470623 -0.11057742 -0.04921246 0.026282366 0.049041398 -0.058074776 0.074384004 0.06753803 -0.09437597 0.0019314035 0.021092342 -0.11639561 -0.014289213 0.040937085 0.066556044 0.021341104 0.03087832 0.018900804 0.019073362 -0.108000204 0.04891082 -0.043187864 0.008555177 0.048457243 0.13280883 0.077262044 0.023346478 0.08759176 -0.012627726 -0.04136635 0.0109238215 0.04089967 -0.08365859 -0.010037623
body -0.034523852 0.13303857 -0.06485919 0.06364767 0.048534594 0.05626634 -0.05604015 -0.036883444 -0.070825845 -0.0014015449 0.007960289 0.06765105 -0.059319478 -0.036839247 -0.019714562 -0.07974321 -0.06783914 -0.056411736 0.03175514 -0.0359265 -0.045061614 -0.04321733 0.03427161 -0.06373892 -0.034968343 0.08907277 0.025327988 -0.014235816 -0.18761015 0.058735568 0.13863558 -0.09672076 0.0061437036 -0.00067337445 -0.015865171 0.09180645 -0.010960527 0.058808796 0.02487203 -0.053726915 -0.053521592 0.025867248 0.012013709 -0.0408707 -0.06486051 -0.013615641 0.061782185 -0.12141029 0.028357903 0.002203539 0.037974812 0.07340496 -0.019960284 -0.013904622 0.017403014 -0.053846724 -0.030858016 -0.0628522 0.055692352 -0.04336316 0.0019240614 0.015979597 -0.044781536 -0.045801234 -0.007966001 0.05812414 -0.045325797 -0.061913766 0.0017201697 -0.05796382 0.039849333 0.002295541 -0.09803455 -0.0016063832 -0.026125768 -0.07841881 0.005988403 -0.07249078 0.14303704 0.082520135 0.03805388 0.051844 0.042861704 0.06190311 -0.09108005 0.016298302 -0.011805453 -0.0005539531 0.086034864 -0.035048597 -0.055795863 0.07068518 -0.06502527 -0.010326493 0.009147207 -0.040745318 0.056450367 0.036175158 -0.068345316 -0.0404609 0.008973515 0.024732653 0.11971571 -0.13449767 -0.054067153 0.047860608 -0.07578361 -0.06085295 -0.024896856 -0.017217083 0.020357478 0.06756454 -0.026233131 -0.024857497 0.05378807 0.05091951 -0.08884891 -0.08807186 -0.029177744 -0.08519397 0.032825157 -0.016807515 0.0584201 -0.04571618 0.031192696 0.05075204 -0.01874653 -0.03591617 0.0034255905 0.0024997303 0.104184225 -0.032780737 0.07222163 0.004699272 -0.032404248 0.041518062 0.034599315 0.04553747 0.09830499 0.03613485 -0.04547308 0.09556357 0.0709014 -0.009857795 -0.015687123 -0.08672045 0.09279913 0.15135498 -0.061559428 0.042762324 -0.009951328 0.08831433 0.10422435 -0.034010336 -0.07381862 -0.07838626 0.103260875 -0.0614705 -0.011365887 0.029217578 0.012152344 0.034481917 0.006239042 -0.040312316 0.066182934 -0.06594914 -0.14636977 0.1043103 0.10910454 0.027837932 -0.09612147 0.04775815 -0.04076255 0.005416933 0.019036636 -0.027189728 0.06597628 -0.037600957 0.0024450729 0.04759389 -0.033190034 -0.03899105 0.082818635 -0.026226664 -0.005550199 0.030912964 -0.012518547 -0.058982935 -0.06753896 0.0019725265 0.15376696 -0.02916819 -0.007613523 0.030235134 -0.04888081 -0.04782456 -0.08692922 -0.06395045 0.07689494 0.03512062 -0.05316691 0.012029788 0.033468273 -0.1334846 -0.0019571474 0.06281153 -0.024009036 0.053290546 -0.010417315 0.05243498 -0.014911139 0.04469431 -0.06632443 0.019538691 0.083225295 0.07464885 -0.012598553 -0.1531306 0.020074032 -0.0023059666 -0.09676829 -0.0013639854 -0.005610952 0.024734842 0.009159953 -0.011157576 0.04391305 -0.07930122 0.013245928 0.0966266 -0.113710284 0.01934615 -0.043911956 0.04972227 0.044701185 0.03957916 -0.08341261 -0.0037436327 0.039841596 -0.012614255 -0.025732033 0.047390096 -0.001830908 -0.029988622 0.020224418 0.009044352 0.04935438 0.0190665 -0.02100723 0.032003213 0.06002685 0.09075131 -0.04003418 -0.011538623 -0.12316002 0.012117205 0.04019328 0.083120115 -0.07970499 -0.03017392 0.0708191 -0.046291567 -0.050237093 0.018808564 -0.010389029 -0.019326242 0.037179932 -0.004527945 0.075788386 0.0068494673 -0.061657958 0.035631128 -0.067030475 0.003796745 0.018092413 0.03158412 -0.030415986 -0.03880909 -0.03912417 -0.045117065 0.033865478 0.04488812 -0.0077466713 0.009912791 0.061845645 0.10265361 -0.04834683 0.014618668 -0.018470658 -0.0698325 0.043267034 -0.033148542 -0.024629168 0.073706396 0.012707595 0.05590503 -0.0014118869 -0.009005048 -0.11650164 -0.032647375
soul -0.016954353 0.035877522 -0.025724895 0.01720299 0.0042490787 -0.07313202 0.0435596 0.05005043 -0.024080444 -0.09611076 -0.03124843 -0.027524546 -0.020938288 0.021401549 -0.032192905 -0.08800403 -0.005300893 -0.050323803 0.024274968 -0.03903321 -0.028122481 0.00128707 -0.10875569 0.078506865 0.0030086332 -0.003301837 0.036659 0.0642623 0.04579235 -0.03813579 -0.027104339 0.011007415 0.06717861 0.05039975 -0.07046901 0.03499933 0.0697713 -0.015600485 0.075619124 0.036896557 -0.042754404 0.060745995 0.06565045 -0.0053062085 0.06636683 0.023444984 -0.0644479 0.03429423 0.08363367 0.016402842 -0.0058953115 0.022310102 0.098858416 -0.021762216 -0.0039815246 -0.051929824 -0.06460154 0.024972256 -0.0921869 0.132087 -0.052414637 -0.011569831 -0.018209051 0.081159204 0.07242879 -0.027324589 0.038932633 0.102834105 -0.055459324 0.06334264 0.03064452 0.050535638 0.064733386 -0.07602197 -0.14366752 -0.07151842 0.08347108 -0.07576543 -0.0040444266 0.13466488 -0.09484761 -0.0074214335 0.0207052 -0.0136616565 -0.05906496 0.135371 0.000631926 0.018348087 -0.024636807 -0.022939017 -0.096537784 -0.022006955 -0.05184223 -0.07578789 0.09104899 -0.043612815 0.0037871564 0.015295981 -0.032907344 0.045717232 -0.06414757 -0.0451624 0.12592411 0.049238212 -0.000277683 0.14126082 0.07441587 -0.016047362 0.06349186 -0.08710599 -0.08405176 -0.020384848 0.0072411406 -0.06494235 0.06803056 -0.015096052 -0.011090939 0.044972576 -0.062057383 0.020067971 -0.012786165 -0.007695013 0.03077514 -0.058694754 -0.038516115 0.059944775 0.080778666 -0.011952662 0.010706457 -0.08091901 -0.022772921 -0.0893326 -0.04048761 0.0012104478 0.024408814 0.013961962 0.039091684 -0.028624998 0.023107516 0.015321455 -0.015425224 -0.0009291929 0.01766866 0.020622322 0.017482843 -0.05386087 -0.065366104 0.042734195 -0.026594779 0.08061007 0.015933556 0.07316583 -0.0063367523 -0.04280093 -0.07782064 0.008412989 -0.056340434 0.040418647 0.0915281 -0.08713841 -0.022798583 -0.0032084528 -0.020946778 0.013942567 -0.0021797342 0.014003116 -0.007334725 -0.03838195 0.022524165 0.040931612 0.057723712 0.058812216 0.08602592 -0.02678016 0.01382104 -0.082629606 0.12205434 -0.0482784 0.002592335 -0.04032047 0.074426994 0.041918322 -0.05986157 -0.0048146234 0.03429265 -0.043953445 -0.0015867675 0.048536867 -0.038161743 0.053406626 0.054572728 0.009917019 -0.11090116 0.046814308 -0.13491328 0.0027830135 0.14276505 -0.041259494 -0.0431571 -0.03679663 0.07506157 0.09909731 -0.02464347 0.08447573 0.10632837 0.032580357 -0.03717135 -0.070986934 0.028765911 0.026349 -0.019760167 -0.10249874 0.013724222 -0.034590047 0.012780095 -0.023733187 0.06789839 0.05178681 0.05419125 0.049983606 -0.0028136054 0.0074579613 0.086335495 0.057668783 -0.18380995 -0.02307938 -0.022363558 0.0160854 0.08286422 0.09108932 0.087707505 -0.022837007 0.124698885 -0.0034780572 0.03752856 0.057130672 0.03418513 0.08158949 -0.016958874 0.0006942174 0.020656953 0.065791726 -0.026668051 0.1196868 -0.014354053 0.036125883 -0.07296637 -0.02870496 0.07532928 0.011435763 -0.00998248 -0.051423185 0.0481605 0.053504385 -0.012534406 0.05478995 0.079801016 -0.01148007 -0.009104178 0.009504856 -0.006672215 -0.03876025 0.029978266 -0.05196978 -0.0047307657 0.09046049 0.03441897 -0.016792616 -0.05188472 -0.018546298 0.025346125 -0.09921514 -0.13027339 -0.014429957 -0.05450939 -0.075171694 -0.056779042 0.011447223 -0.060144436 -0.079638414 -0.0008293656 0.006130404 -0.098690264 -0.0035251123 0.06320216 0.10001709 -0.1310662 -0.049909614 0.013041007 0.012657838 -0.02234031 -0.025501799 0.013074248 0.077138394 -0.056842722 -0.068662085 -0.10442862 0.055950385 0.07995084 0.0058173914
machine -0.00023494067 -0.062117375 0.028915634 0.020436164 0.052776966 -0.047100462 -0.009615595 0.06194941 -0.0476921 0.06482911 -0.029384576 0.0062921615 0.017707659 -0.03793443 0.030221254 -0.102188475 0.062019777 0.075357325 -0.027403122 0.05919519 0.0033644517 0.0010523357 0.040495645 0.010370036 -0.09285071 0.10863761 0.10321402 0.06761646 0.0801011 -0.07317406 -0.0044626053 -0.0033602242 -0.05763882 0.03967736 -0.06794784 -0.040525615 -0.044837274 0.025824154 0.023729932 0.0049222913 0.0025161672 0.023137132 -0.066176966 0.101730466 0.015059807 0.043427806 -0.017578535 -0.04802059 0.057204958 0.013711195 -0.077782184 0.011359089 -0.14078343 0.055080388 -0.003601713 0.07863124 -0.004064837 0.024298865 -0.058539048 0.023925288 -0.008687878 -0.10337702 -0.043315202 -0.03217135 -0.06980278 -0.056167934 0.06730859 -0.05130324 -0.06387019 0.017544193 0.018367914 0.028353788 -0.036364317 0.007951595 -0.0389628 -0.0070607644 0.016324723 -0.0345587 0.0017720574 -0.19611184 0.070555374 0.0056149447 0.020906692 -0.034827057 0.08964109 0.014908648 -0.08763725 -0.09539177 0.006626536 0.024976755 -0.04415136 0.07226138 -0.013535776 0.016734775 -0.014175992 -0.06177149 0.019365788 -0.050058924 -0.0043101544 0.036406506 -0.08395931 -0.009852824 0.016894914 -0.01207914 0.10915312 0.029799517 0.075324655 0.089054935 -0.027013654 0.0076090153 -0.041384775 0.019085769 -0.06079572 -0.0566706 0.0646128 0.04027441 -0.035651453 -0.021368714 0.05556607 -0.008444511 -0.041159976 0.03145537 -0.029953072 0.0100995535 -0.0957519 -0.006097286 0.052475754 0.021036522 -0.008259837 0.017760787 -0.011522868 0.074270524 0.0063956683 0.053984188 -0.012025451 0.00037357686 0.06917726 0.022489417 0.04397846 -0.07833334 -0.032643948 -0.0038591619 0.06773384 0.07098338 -0.020898858 -0.032475863 -0.04686791 -0.17465769 0.06341382 -0.005102517 0.04870666 -0.032162845 0.009308599 0.015163948 0.06668641 0.068019666 -0.054141678 -0.044891752 -0.07635702 0.016703993 -0.015274246 0.10257719 -0.10834302 -0.06136615 -0.0139403455 -0.05867463 0.007836332 0.050511673 -0.0059275506 0.019736724 0.02057782 0.021380357 0.076343335 0.012166931 -0.062187124 0.021638978 -0.05331738 -0.08311128 0.1437855 -0.012242618 0.06407359 -0.06335468 0.014208102 0.03217989 0.023866702 -0.037825428 -0.08954064 0.051060256 0.0023054471 0.05129191 -0.08375004 -0.10822546 0.030533174 -0.09058427 0.03833178 0.018478867 0.036972843 -0.097920485 -0.017950943 0.024156092 -0.026705457 -0.103502095 -0.021598285 0.063955046 -0.039477736 0.09564989 -0.051261768 -0.039806843 0.105106145 -0.0043878667 0.05030788 0.05658396 0.011362295 -0.05005576 0.09619318 -0.01801617 0.07592216 -0.06071529 -0.072356515 0.12023722 -0.09285255 0.054216933 -0.058384795 -0.023194393 -0.033787023 0.046338543 -0.023480011 -0.028486691 0.039327625 0.08115017 0.04540457 -0.041838866 0.055766188 -0.039685544 0.0024353932 -0.0026087495 0.05776329 -0.021394435 0.031303965 0.03639106 0.044718888 -0.068812616 0.0049688183 -0.053303618 -0.02498746 0.080292866 -0.07463831 -0.04687097 0.015870955 -0.10500162 0.013175986 0.057621382 -0.018089913 0.041446894 0.1161845 0.06479955 0.04248114 0.06910001 0.05358348 -0.006071486 -0.15920873 0.096921995 -0.03746153 -0.059119847 0.06970807 -0.045971703 0.07400858 -0.111500636 0.05402516 0.015775766 -0.024827396 -0.020907857 -0.06864928 0.07541516 0.10111636 0.05404247 0.083869055 -0.005388439 0.103473306 -0.04435263 -0.037803214 -0.035881285 -0.009118804 0.04015317 0.065808564 -0.05258063 -0.0189731 0.0048108194 0.076408766 0.107998215 0.08984676 -0.076498784 0.040397383 0.13089725 -0.09059122 -0.013932285 0.052789513 0.008208238 -0.05470814 -0.06181776
organic 0.043718066 0.007796107 -0.08611939 -0.03856433 0.056022644 0.1208074 0.018124053 -0.14771666 -0.08983695 -0.040020183 0.11820839 0.056464996 -0.028944764 0.053564806 0.003079631 -0.046044987 0.03542721 0.039233956 -0.024262132 -0.07607953 0.08168274 0.01961887 0.024048762 -0.086701944 0.0052408027 0.047905456 0.034177084 0.026587464 0.13581353 0.04188959 -0.00012428056 0.001664299 0.15485178 -0.039389364 0.03210691 -0.018138524 0.0085382415 -0.051591914 -0.053622015 -0.0407009 0.03474611 0.037120868 -0.040126514 0.1357588 -0.03984273 -0.043313038 0.02350653 0.05438131 0.016866354 0.014480439 -0.057766624 0.048984997 -0.02537508 0.10572041 -0.049613442 0.0088946065 -0.009443339 -0.03248666 0.06342137 -0.03302169 -0.06678771 -0.073835514 0.00963826 0.019802986 -0.050921544 -0.05475322 -0.014291408 -0.0941401 0.14537601 -0.05413513 0.054827604 0.03514072 -0.09643146 0.008460597 -0.05917311 0.022318413 0.004537609 0.042719718 -0.087402865 0.10937032 0.052607905 -0.0066390163 0.013732981 0.1257606 -0.011904601 0.0006746669 -0.019684844 0.020601371 0.02824473 0.031338084 0.06562238 -0.023068305 -0.0912566 -0.09380579 -0.05235924 0.042039953 0.053559057 0.073032744 0.0730621 0.05022966 -0.051768783 -0.063993655 -0.06859322 0.064151265 0.114991054 0.06565674 0.0052070986 0.033273976 0.010737091 0.12441959 0.0595624 0.020661535 -0.012469727 0.014124174 -0.06987385 0.014343152 0.0060173254 0.014706783 0.04397043 -0.03506486 0.053038556 0.044823475 -0.06624642 -0.015554887 -0.09876383 -0.013152351 -0.058421813 -0.046032153 0.050422587 -0.0469447 -0.0793442 -0.091079004 -0.09020706 0.09987628 -0.041268148 -0.007839403 -0.016321039 0.0136472685 -0.04546805 0.022124538 0.023748193 0.1144777 -0.04322723 -0.059250318 0.029180638 -0.07673729 -0.059498224 0.09941347 -0.07788165 0.017460229 0.05173267 0.017323095 -0.07431653 0.012756317 -0.009647532 0.08938399 -0.0020427827 -0.005278231 -0.008646713 -0.116140485 -0.021711534 -0.017022382 -0.0030150434 0.0076052067 0.05614056 0.06251818 0.039095864 0.041160055 0.064590305 0.03260036 0.042514194 -0.09119529 -0.009536283 -0.022402983 -0.030861165 -0.02417241 -0.10916489 -0.033620063 -0.01047557 -0.104572855 0.004417 -0.058396656 0.03726861 -0.09878022 0.06705384 -0.009804985 0.039815363 0.10185911 0.06948549 -0.027713299 -0.073526114 -0.009352051 -0.030513363 0.07522295 0.04526739 -0.009143343 0.0055874013 -0.07912946 -0.0011443153 0.06793024 0.060163904 -0.011814106 0.050528474 0.035325892 0.107175216 -0.061293952 -0.045381628 -0.106976986 -0.046314977 0.009077248 0.05166144 -0.088835955 -0.051633745 0.0019919178 0.034421876 -0.05921026 0.03464264 -0.029477017 -0.04166489 -0.02571749 0.05359328 0.070501775 -0.14846446 0.016897608 -0.07303004 0.039802253 -0.05560702 -0.010827568 0.0147046605 -0.0852992 -0.0409841 0.04796081 -0.028097956 -0.030564213 0.0809236 0.015490784 -0.0048390334 0.028787531 -0.02164397 0.074850306 -0.054122053 -0.017926771 -0.048678793 -0.054667704 -0.11530319 -0.024476845 -0.035648324 -0.06738726 0.07896048 -0.039903346 0.027632443 0.03419343 0.029031282 -0.004651505 0.033933487 -0.058280848 -0.018259501 -0.04964838 0.007513493 -0.01858477 0.03829823 0.07830985 -0.056154713 -0.03316786 -0.000993937 0.031816427 -0.052561596 0.093091585 -0.11889096 -0.03920909 0.056492094 0.12055718 0.024999984 -0.0026685782 -0.003963332 -0.10740597 0.018357448 -0.048365768 -0.016656986 0.013837236 -0.022870705 0.0013134081 0.0032310125 0.095979325 -0.1040221 -0.06940744 0.100396216 -0.04344065 -0.09845605 0.021524673 -0.05982822 -0.044110745 0.0047151074 -0.050952673 0.030363418 0.0026676643 0.0072323587 -0.013820998 0.00033284264 -0.0050689774
connection -0.09304734 -0.0932106 0.06934239 -0.04835804 0.06837672 -0.06922486 -0.026737235 -0.11189663 0.005998004 -0.036380433 -0.029280411 0.06639276 -0.06952549 0.06918202 -0.02445609 -0.057671987 0.04286637 0.087728776 -0.055142693 -0.07939294 -0.011058627 0.035549484 -0.027925374 -0.043552052 0.06317293 0.033955246 0.03414602 0.113856405 -0.013759102 0.0784793 0.07762379 -0.058163967 -0.010252334 -0.07801895 -0.07314337 -0.08721025 -0.010631589 -0.113044836 -0.04214309 0.027335325 -0.09564644 0.10494688 -0.03028025 0.08074671 0.0009126041 -0.0037832083 0.107223295 -0.07657309 -0.055768937 0.016153038 -0.020606091 0.0072733006 0.040045056 -0.0010611552 -0.014406876 0.008126942 -0.017152227 0.041298162 0.06751732 0.006484004 0.01704934 0.07834948 -0.026005762 0.007360754 0.049683563 0.03409324 -0.0662054 0.03502206 -0.08659083 0.073405676 0.091368556 0.081084274 -0.031991083 0.11958612 0.009830752 -0.03110272 0.033724535 0.037857976 -0.020385938 -0.08706327 0.027288506 -0.043755807 0.023479167 -0.06308176 -0.047105465 -0.014780208 -0.0050575202 0.060707062 -0.037786428 0.01590101 -0.015772434 -0.0076802513 0.024834199 -0.01708236 0.02149543 0.008026825 -0.09500564 -0.06577404 -0.007814602 0.057181273 -0.022549732 -0.012350393 -0.014016521 -0.021576637 -0.009694905 0.004834546 0.058458067 0.04358439 -0.04936528 -0.057915 -0.068274915 0.027692389 -0.08355056 0.036410116 0.027490715 -0.042714752 0.015277002 0.016870346 -0.02732185 -0.13406001 0.049878273 0.032923464 0.04700406 0.0115233995 -0.040306177 -0.0058745802 0.104861245 0.09650906 -0.0034640788 -0.012378472 0.04663471 0.072288245 -0.053356335 -0.00845977 0.12952217 -0.00696485 0.06482419 0.026513193 0.09674745 -0.15756352 0.0027555043 -0.05082922 -0.021617906 -0.06886481 0.045307748 0.030893994 -0.026613155 0.0104737375 0.005299023 -0.031493835 -0.055264693 -0.06866482 0.024584496 0.03481204 -0.057224054 0.017831482 -0.0025099316 -0.0054633943 0.07093382 0.00011544457 0.056758367 -0.05333218 0.08498941 -0.015860805 0.06595145 0.1248186 0.082252 0.022652313 0.08305366 0.08367252 -0.023080364 0.048549436 0.09580263 -0.018464819 -0.06247499 0.037089437 0.010385172 -0.088057995 0.06667076 0.086487755 0.057471156 -0.11175079 -0.03235478 0.04643384 -0.04242836 0.04727568 -0.06947894 0.008637129 0.10038332 -0.016489483 -0.1084724 -0.018080348 0.06149314 0.042865086 0.0094877165 -0.025159016 -0.082794294 0.03024595 0.01236569 0.055976894 0.04652923 0.045026034 -0.07775159 -0.004650047 0.01903817 0.0021350929 -0.07338794 0.0016419453 0.036351826 0.060225166 0.05127128 -0.04285595 -0.04348147 0.11852625 -0.003781708 -0.0024128556 -0.084434696 -0.064801775 -0.042707197 -0.035746604 -0.033363126 0.0875352 -0.081393726 0.03526638 0.03153741 0.08047494 0.12672162 0.01555796 0.02963055 -0.051233456 -0.038697787 -0.019528938 -0.027583078 -0.074825406 0.07544693 0.009854789 -0.054117065 -0.044818472 -0.090932675 -0.14788389 -0.04176941 -0.023202488 0.02341985 -0.013924923 0.13615474 -0.0060221916 -0.0136302505 -0.023017608 -0.0017556682 -0.080023125 0.03176702 0.07650892 0.114458464 0.057568517 0.024472177 0.061585184 0.026018297 -0.05336902 -0.017537473 0.0035969464 0.009279716 -0.06698837 0.05057066 0.0023568473 -0.04214422 -0.10331506 0.058952436 -0.012021184 0.017233266 0.00054983335 -0.054324053 0.004893304 -0.018973181 0.026512956 0.038581774 -0.10807071 0.036955323 0.003970618 0.02284857 -0.09354671 -0.060901586 0.02959594 0.027644552 -0.08306453 -0.030546462 -0.010839587 0.019951109 -0.07615395 -0.048223633 0.12591892 -0.08106491 0.09003529 -0.036178883 -0.015832653 0.09550959 -0.0072638523 0.0014617664 -0.080024816 0.07235673 0.099248305
isolation -0.028064145 0.024400318 0.11013407 -0.014317656 -0.089962676 0.01367966 0.012305456 0.0208731 -0.06348694 -0.005366505 -0.04583747 0.06169028 0.027316274 0.10971213 -0.027943756 0.0047761598 -0.068903714 0.0032917825 0.043073565 0.08643593 0.053987842 -0.10144302 -0.06808324 0.03648302 -0.016360758 0.07706597 0.020376325 0.035116117 -0.034052834 0.013652646 0.03428518 -0.04902893 0.10215877 0.06287755 0.045160998 -0.04226647 0.104102954 0.047159057 -0.00080787286 0.018011672 0.094794765 0.14760579 -0.07111458 0.0008382966 0.05008149 -0.052283112 -0.028652575 -0.052842993 0.04404212 0.08930873 0.06719743 0.044940874 0.11351442 -0.0130708655 -0.048295014 -0.032210853 -0.01671837 0.0030532724 0.11098789 0.017896753 -0.0042208093 -0.04367181 0.10865768 -0.04205245 -0.020311696 0.050952982 0.064960726 0.015957633 0.045894295 0.13230857 0.007983206 -0.026330844 0.0036179547 0.02348683 0.037011262 -0.0088121155 0.0120816715 -0.038569722 0.006763038 0.033368465 -0.008629758 -0.028689165 0.018613808 0.015709575 0.0004579165 0.06445963 0.04065774 0.037299268 -0.074953794 -0.13094147 -0.030381035 -0.027524494 0.0048430273 -0.0019321924 0.038857367 -0.019987887 0.014427426 0.036702182 0.07278155 -0.042113304 -0.09028455 0.09607705 -0.0027692313 0.021983145 -0.0154729765 -0.087176695 -0.017895147 -0.056971002 -0.042661138 0.06484753 0.023868244 0.036403798 -0.04571802 0.02274464 -0.017980924 -0.031956065 -0.05298168 0.084689856 0.027318774 0.051173683 0.050394177 0.15047903 -0.015451202 0.052097816 -0.09684048 0.010249158 -0.034582414 0.077589035 -0.03869016 -0.0525333 -0.009767066 -0.043088365 0.005730396 0.06790814 0.08223319 -0.00078632374 -0.038688507 0.06789064 -0.04379835 -0.0057461727 0.049871683 0.01792553 -0.07763925 -0.00872235 -0.04169691 -0.07038419 -0.05786123 -0.0020077974 0.0171448 -0.0021717413 0.007940857 -0.02643639 0.104089454 -0.0057535353 -0.018533953 -0.08937314 -0.07920815 0.009701509 0.017387247 -0.06643585 0.044291835 -0.016513197 0.014222801 -0.023515891 0.028302938 -0.051254872 -0.053001177 0.0032636023 -0.021380352 0.0071656806 0.011868589 0.018019753 0.011541503 0.026447231 -0.0779876 0.03339356 -0.1201649 -0.01456388 -0.109633625 -0.11036857 -0.026266782 0.008772593 0.07102902 -0.02321991 0.030135036 -0.04810385 0.01886323 -0.038866036 0.015574228 0.07208161 0.062240664 -0.10109197 -0.01807486 -0.13206752 -0.015354233 0.006044287 -0.03194925 0.046064176 -0.14869502 0.14576781 -0.1181468 -0.08930283 -0.04985635 -0.020722969 -0.07008786 0.033616308 -0.002340264 -0.023973938 -0.042849317 0.086161874 -0.017416777 0.011727307 0.057047255 0.038301177 -0.038521145 0.03638574 0.015823431 0.020455249 -0.021387143 0.051399685 0.014183214 -0.09460251 0.16914219 0.039981436 -0.049246196 0.025700146 -0.06218321 -0.14858763 -0.07279817 0.0164423 -0.064346656 -0.04430885 -0.030582113 0.06030186 0.029564125 0.0054883263 -0.067557156 -0.027669488 -0.038368575 -0.059344932 -0.06409182 0.013427533 0.02596956 -0.030488444 0.0038269218 0.040052656 -0.03179272 0.07584201 -0.03817059 0.03035313 0.011727697 0.12662587 0.09076421 0.12475871 0.018056799 0.027853578 0.15582302 -0.016099595 0.03164052 0.008851926 0.029633192 0.059596412 -0.02501173 -0.08107189 -0.02314814 -0.103800476 0.069813505 0.09576773 -0.03549029 0.04243438 0.023776606 0.0045708753 -0.034640953 -0.058211565 0.10533753 -0.008966137 -0.06485598 -0.04229727 0.047393966 0.044813275 -0.081218645 -0.06828529 0.060421698 -0.124105066 0.0433771 0.016114531 -0.03499873 -0.016473498 0.04073333 -0.076973945 -0.02155668 -0.06038577 0.041811954 -0.019378645 0.010449397 0.0010103406 -0.071919344 -0.10418653 0.03085586 -0.052753434
power -0.052578744 0.093985595 0.024310224 -0.08139705 0.04706745 -0.00080567924 0.029964926 0.03030571 0.01380275 0.007367923 0.064591184 0.0912884 -0.0061853128 0.027806887 -0.021936778 0.09613123 -0.09037519 -0.10208715 -0.024909073 -0.036592945 0.12864947 0.0069129746 -0.04919969 -0.06098172 0.028210787 -0.08728318 0.06720162 -0.10027461 -0.026547607 -0.021398786 0.07501325 -0.058840375 0.031203508 -0.018864736 0.0032698284 -0.027827095 -0.0647514 -0.02068632 -0.025081165 0.0073404675 -0.16582876 -0.0555281 -0.1266227 0.08559341 -0.080863535 0.02803611 -0.013670566 -0.008663658 0.028505743 0.06642005 -0.053748902 -0.0109728 -0.0317518 -0.052075643 0.020195734 0.02879156 0.028599236 -0.028823396 -0.007227958 0.09110085 -0.0147701865 -0.08543721 0.023786683 0.0405351 0.0007163435 0.0033462527 0.003873483 -0.06706754 0.034486417 0.029302686 0.01740393 0.040940344 0.015052956 0.016874408 -0.048652936 0.009647591 -0.044585574 0.034706406 -0.020035092 0.015003919 0.058506634 0.06994535 0.036485918 -0.070296824 -0.015178289 0.0026387568 -0.10100168 -0.005718292 0.0010934301 -0.028887412 0.009804115 -0.03653707 -0.035323106 0.026910657 0.08326001 -0.050054796 -0.004783643 0.004639666 -0.009114031 0.042373005 0.04320282 -0.028197784 0.022349574 -0.011468839 0.002240003 -0.061937686 0.020173369 -0.03132174 -0.051801424 0.036899637 -0.015429931 0.085668765 -0.01716106 -0.07129592 -0.0017614703 -0.053278502 0.041293513 0.10241552 -0.13667798 0.027049277 0.109260716 -0.08643761 0.062872685 0.054334436 0.03153951 0.07748106 -0.047788948 0.031090096 0.04151055 -0.058646813 -0.034894448 -0.01752275 0.05665424 0.1028638 -0.021811336 0.10305811 0.022277381 -0.06280058 -0.03370435 -0.008623093 -0.041529626 0.10563626 -0.10958521 -0.035917375 -0.058717344 -0.022818536 -0.09794965 0.067184255 0.012299828 -0.05453861 0.006313903 0.05373648 0.017832812 -0.043304622 0.009978956 -0.04011785 -0.08358442 -0.076289356 -0.038194176 0.02113133 -0.011314371 0.11775797 -0.043288913 -0.0035680889 -0.005104605 0.03657701 0.03465405 0.017421318 0.07275178 0.011513713 -0.009960873 -0.06942302 -0.0074287006 -0.01323909 -0.06658427 0.051829763 0.0011190885 0.056088768 -0.022292037 0.017182233 -0.10709401 0.07087874 -0.052606013 0.069209196 -0.025455063 -0.062486675 -0.031044817 -0.115235284 0.00845819 0.18163331 -0.015299543 0.12291564 -0.012061963 -0.004407192 -0.027383942 -0.049363483 0.06570205 -0.035212055 0.07642796 -0.056746796 -0.07025969 0.08239896 -0.03785091 -0.0011297838 0.021776615 0.025654713 0.009623486 -0.0706667 0.0558936 -0.021314839 -0.027128143 0.01351541 0.05515844 0.020296067 -0.05439597 0.041729923 -0.0015610344 -0.09495205 0.118696585 0.017930895 0.0020625938 0.04239477 -0.0653245 -0.12370779 -0.1340537 0.052000802 0.025942227 0.05105941 0.068605475 -0.005621915 -0.023288738 -0.08289137 -0.03626423 -0.019169832 -0.058270458 0.029492687 0.00924485 -0.07411925 0.047738496 0.009968925 -0.03041975 -0.071338795 0.06562976 -0.06605139 0.0695358 0.0516779 0.010579225 -0.09341213 -0.05056092 -0.09971059 0.15784806 0.0017686718 0.046888404 -0.016752893 0.030203337 -0.032257456 -0.034154564 0.05951208 0.028250465 -0.10862592 -0.12573572 -0.09659093 -0.04207672 -0.018572513 -0.001328022 -0.020105941 0.080174424 -0.06538564 0.10959297 0.026534861 -0.029882055 0.010406569 0.08596765 -0.021616314 -0.0060765627 -0.005770468 0.0018615882 0.015747719 -0.09194312 0.009453844 -0.0073140273 -0.017280642 -0.023093926 -0.037680045 0.06997389 0.098072305 -0.0645169 -0.13176261 0.05795642 0.05323714 0.034478735 0.04224465 0.06368125 0.011460846 -0.105730504 0.0072294027 0.023688214 -0.12387052 -0.04891529 -0.011683997
resistance 0.070946045 0.068323076 -0.079680234 -0.008251035 0.02414165 -0.024531417 -0.09058448 -0.10702587 0.08250792 -0.06219842 -0.034887042 0.08290556 -0.053784084 -0.029971326 0.10146772 -0.02874802 0.15141237 0.057352826 -0.0036637825 -0.020279739 0.061985005 0.045487035 -0.008473878 0.016783815 0.08020651 -0.024612933 -0.044368744 0.034365494 -0.0081501575 0.124297485 0.04211398 -0.13102597 -0.0548259 0.13372585 0.05087747 -0.028252954 -0.023736881 0.02383524 -0.07154904 0.086449996 -0.08632084 -0.03610739 -0.10532491 -0.010198221 0.13397884 0.009213021 -0.014940749 -0.09240222 -0.017695932 -0.039747622 -0.032976612 -0.012708382 -0.0026571346 0.098206796 0.0019189735 -0.029427432 0.07233611 0.034178864 -0.07788559 -0.09037695 0.1274056 0.015290436 0.04516046 -0.069686145 -0.046598364 -0.004004344 0.11546963 0.080421604 0.012193162 -0.017597038 -0.013549504 0.049474046 0.03492443 -0.017064197 -0.042675957 -0.030794373 -0.016819062 -0.0066665467 0.051728573 0.053520188 -0.0073551484 -0.014218057 -0.12752134 -0.14977688 0.009495546 0.08791107 -0.03559903 -0.034339365 0.036547944 -0.018384304 0.05050992 -0.0052360627 -0.005105067 0.055840723 -0.06766635 0.055538386 0.03403657 -0.086751245 0.021307306 0.039026055 0.044604037 0.019971147 0.075653695 0.062376615 -0.034485407 -0.046333283 0.117911085 -0.027629184 -0.0448227 0.0791809 -0.07119212 -0.04258632 -0.05654489 -0.05145804 0.11130102 -0.0091277165 -0.024411509 0.0023906662 0.020682808 0.027221283 0.026347222 0.07478112 -0.046840373 -0.0013910951 -0.013581331 -0.05144407 -0.0023537048 0.0639836 0.061741732 0.021479564 -0.00077697326 0.018529616 -0.078259245 0.046793286 -0.0668795 0.06040887 0.07178503 0.06993333 0.020993808 -0.0053617195 -0.100761265 0.025490839 0.010293278 0.028006438 0.012818279 -0.025058554 0.0045694066 0.036099777 -0.025773633 0.024964334 0.0015646665 -0.05846613 -0.042661194 -0.060596608 0.010288266 0.015440809 0.016578563 -0.1292051 0.115653865 0.015352249 0.0036455865 -0.009635597 -0.08753304 -0.015950155 0.06970772 0.019217564 0.05787735 0.104289085 -0.028990313 -0.086655855 -0.05368846 0.07457347 -0.04230366 -0.0036278456 -0.030895045 0.02208215 -0.0032505537 0.013704884 0.0591394 -0.0033097991 0.087773085 -0.03733907 -0.003123617 -0.036685757 -0.01574588 -0.008385956 -0.04588813 -0.018875722 0.007868812 -0.058024667 0.05399022 -0.022842197 0.023441998 0.13215597 0.0018673433 0.0386459 0.04014834 -0.033100963 -0.024235073 -0.022608604 0.004096053 0.08213455 -0.015370181 -0.049357753 0.11917603 -0.013345338 0.04631839 -0.03382433 -0.008118238 0.03361194 -0.057713576 0.018722327 0.030719794 -0.026157107 -0.002263836 -0.024604792 -0.01110192 0.054794427 0.0877306 0.04891114 0.06881478 -0.07347763 0.12658702 0.013119667 0.021935739 -0.03462695 -0.048073627 -0.052615415 0.022010751 0.0037231592 -0.089707896 0.07218093 0.01333089 -0.014563043 0.01699202 -0.080476984 -0.046983276 0.05718913 0.08816803 -0.0768899 -0.07923388 -0.10242001 0.053027853 0.007950332 -0.0031309722 -0.10533955 -0.10426488 -0.033386882 0.05087626 -0.06560101 -0.09735202 -0.118422985 -0.10661621 -0.08414534 0.02020139 -0.048060138 -0.031370528 -0.081940725 0.048949566 0.11028048 0.06783326 -0.036702845 0.0069076875 -0.03459507 -0.05183953 0.034089413 -0.004249117 0.017269082 -0.008694462 0.08880348 -0.033675715 0.10247448 0.032486316 0.09356482 -0.012345647 0.02513717 -0.06257131 0.007894047 -0.13711599 -0.0040348507 -0.0503147 -0.049915813 -0.011464621 -0.026941845 0.09395482 0.03735391 0.046627726 -0.033816338 -0.0430414 0.03346698 0.0428916 0.087406196 -0.02631033 -0.030413242 -0.006499667 -0.0047840965 -0.0453773 -7.368114e-05 -0.0138532715 0.011301463
conformity -0.016658837 0.00027781687 0.066443816 -0.0064347954 -0.0070144143 0.04444389 -0.1262881 0.02143876 -0.0021807654 -0.061048333 0.013333732 0.014711312 -0.06281067 0.085178874 -0.0049204943 -0.026060427 0.013437281 -0.079775035 -0.06680833 0.075573474 -0.0560589 0.054691944 -0.022189703 -0.109090224 -0.07295368 0.04933414 -0.012741944 0.07573095 0.049309712 -0.086191885 0.059101757 -0.12702647 0.013015252 0.0018409139 0.04212119 0.04259177 0.047451995 0.040686715 0.05640334 0.00085345434 0.02996074 0.052142646 0.0397026 -0.060326982 -0.009243534 0.088102154 0.1292997 0.025259437 -0.018218396 -0.00559106 -0.039004732 -0.022704283 -0.057116114 -0.06417646 -0.04401246 -0.0037353418 0.034940936 -0.01406048 -0.056347307 0.04713812 -0.03971676 -0.011277769 -0.0574266 -0.035472654 0.052869685 0.069308326 -0.028250659 -0.034280416 -0.06836794 -0.05343425 -0.07176527 -0.10849658 0.06709548 0.0024874557 0.06677618 -0.020676125 -0.038521383 0.0030892987 0.046232276 0.0451448 -0.0047116233 -0.0011311701 0.06625866 0.13979736 -0.008906668 0.03851102 0.050293703 0.011441018 0.04592355 -0.1253589 -0.096766114 0.006568151 0.11461079 -0.07322929 0.012129063 -0.10360604 -0.0111984 -0.10052265 0.0195486 0.022869037 0.03142209 0.015149681 -0.047283947 -0.10024466 0.038586695 0.055412393 -0.056633785 -0.069685444 0.007200197 0.069434725 0.008333781 -0.016587649 -0.024568053 -0.06804475 -0.012374868 0.12914628 -0.039765935 0.030768627 -0.01350131 0.060548037 0.10227305 0.03801223 0.040370416 -0.04112257 -0.05517812 0.07668333 -0.095762625 -0.0039314404 -0.04243096 0.0138566075 0.05300586 0.05373744 -0.031282246 0.010409076 0.013343825 0.07731734 0.046352964 0.010570981 -0.021872686 -0.072279595 -0.040533412 0.004713158 -0.02011668 -0.069061525 0.025149962 0.03282367 -0.045253757 -0.030318968 0.03665063 -0.018469822 -0.033971515 -0.0027443208 0.030825263 -0.003152932 -0.06145923 -0.022851966 0.07737548 -0.06116355 -0.021797953 0.044498704 0.07095145 -0.01490889 -0.09340318 -0.11481834 0.06619099 0.0076328483 -0.07558562 0.039380614 -0.015528778 0.020243362 -0.010176264 0.10937679 -0.028879067 0.099708214 -0.00872974 0.03879714 -0.06389492 -0.015607911 0.10217643 0.07562742 0.061675396 -0.030460615 -0.054370847 -0.041787114 -0.03205957 -0.14921814 0.050850924 0.0059888945 0.05723802 0.03234571 0.02159 0.0070397356 0.07418323 -0.08291854 0.02359973 0.0439831 -0.05264741 -0.02550261 0.026789952 0.07601562 -0.11963981 -0.044531386 0.12434716 0.08120264 0.0387425 0.09475051 0.038387332 -0.026135111 0.003465979 0.023204936 -0.01836168 -0.02060475 -0.031958163 -0.11721591 -0.008515771 -0.024551583 0.04995646 -0.016619183 -0.01727853 -0.013900292 0.028370341 -0.019112507 -0.015912017 0.022321159 0.05696352 0.024078645 0.0964078 0.063820556 0.09496837 0.044584647 -0.0020098898 0.008060886 -0.08266549 0.075060844 -0.051062416 0.015855627 0.09802943 -0.077266976 -0.010516197 0.06075518 0.055913478 0.0020096295 -0.09649864 0.038747672 -0.017603751 0.07597187 -0.0063549024 0.013038779 0.04597518 -0.059962403 -0.0330446 0.01642599 0.04204933 -0.003203673 -0.16389348 -0.078266375 -0.05883435 0.04071609 -0.087611355 0.018237261 0.04296303 -0.0744645 -0.02971774 0.018497087 0.01063018 0.07428056 -0.093269914 0.03664161 -0.08193868 -0.018965764 -0.012913353 0.01658502 0.050060257 0.016914457 -0.08841308 -0.099257976 0.06336743 0.016564514 -0.050129317 0.016634658 0.022359384 -0.08085658 0.035981603 -0.0095733935 -0.056810193 -0.062365413 0.0037408757 -0.17833745 -0.0111642415 -0.048135623 -0.07106303 0.08131448 -0.06952828 -0.093777046 0.073342934 0.060260076 0.07030143 0.03315075 0.07119132 -0.06949482
individuality -0.043498993 -0.084059395 0.01661903 -0.045332808 -0.004635365 -0.047046922 -0.037807275 0.005066818 -0.027209787 -0.034446348 0.009216099 0.01417651 -0.03248125 0.053245377 0.0355825 0.013001403 0.05935826 -0.008068531 -0.0544465 -0.026158016 -0.026796727 0.033974785 -0.040516544 0.013062325 0.02385215 0.042282198 -0.036398638 -0.010112879 -0.07764268 -0.0038775662 -0.08462332 0.0049120625 -0.037562404 -0.116142765 -0.039225888 -0.090214096 0.055560693 0.07130804 -0.055845622 0.014453654 0.032093994 0.046223864 0.03549078 -0.04906519 -0.008861607 -0.021829896 0.019126693 -0.04194947 0.019480519 -0.018375697 0.13514163 0.11972842 0.026552178 -0.041301385 -0.059730746 0.010929335 -0.03828911 0.02605293 0.022397172 0.028406443 0.03798653 0.07293994 -0.0056481455 -0.07056447 -0.04714739 0.061674375 -0.06051794 0.07463913 0.07913093 -0.023875121 -0.03884723 -0.06443432 0.07633305 0.05864135 0.08137794 -0.0945945 -0.023870878 -0.076835856 0.014498436 -0.046774846 -0.019580983 0.020525923 -0.0016980161 0.0351108 0.053163044 0.023322495 0.016123965 0.043930948 0.0076360106 0.011738237 0.014381227 0.003834094 -0.0027129897 -0.108939156 -0.10283692 -0.15595628 -0.015143186 0.03757185 -0.039600007 -0.038934194 0.09242542 -0.05573882 -0.055293206 0.0142544005 0.04869284 0.104635395 -0.019229056 0.06897368 0.07339869 -0.16039099 0.027489102 -0.028533608 -0.09269874 -0.06841835 0.08322527 0.013575665 0.11582087 0.0076477258 0.020995457 -0.09290503 -0.046777427 -0.151697 -0.072791405 -0.08213462 -0.038107187 -0.0538214 -0.03881564 0.04550418 0.057378806 -0.08229236 0.0142973205 -0.026680525 0.044197198 0.09414412 -0.046829935 0.061698385 0.003914131 0.016686764 -0.103224315 0.08424901 0.071607925 0.0100801205 -0.001752911 0.018245898 0.053892165 0.03840667 -0.037121642 0.0055375905 0.11649545 0.07958782 0.14092492 -0.044201095 -0.045139357 -0.08449737 0.088873 0.013209881 -0.06995865 -0.010934102 0.019039547 -0.0014770338 0.04593518 0.05136853 0.011708198 -0.012437673 -0.014606259 -0.054761406 0.008546699 0.0049511692 -0.03420988 0.119371384 -0.07519051 -0.031294774 0.028005125 0.044132877 -0.20550811 0.04796716 -0.044509217 0.04173315 -0.024943756 -0.019477246 -0.089079715 0.037051078 -0.0073245903 0.018587353 -0.02324922 -0.011939172 0.010217851 -0.054289825 -0.08417785 0.0018255808 0.085591696 0.0544713 0.07917552 -0.0029211526 -0.052606348 0.048566982 -0.0041848402 0.006317459 0.054500967 -0.0101318015 -0.06672795 -0.08168258 0.11850699 0.0031038022 -0.07675549 0.0051940084 0.058721837 -0.08449182 -0.051139936 -0.04463266 -0.0015756169 -0.058193374 0.04186476 -0.07771543 -0.022042217 0.041899465 -0.021040779 0.048554495 0.05852065 0.08659689 -0.0689247 -0.038118165 -0.0012831684 0.0027045389 -0.027087385 0.052057605 0.06761277 0.07496884 6.532698e-05 -0.016609779 0.042369694 0.03251107 0.0035420863 0.0024439115 0.04285302 -0.019020831 -0.08740127 0.03867504 0.1338128 0.04020847 -0.007696477 0.1146633 0.023142591 -0.07974993 0.065582365 -0.04397999 -0.11381361 0.0680745 -0.028410818 0.082263514 -0.07465694 0.03764467 -0.04150808 -0.06456546 0.031972334 -0.09574447 -0.026312063 0.04446655 0.015629515 -0.0698761 -0.04407676 0.053929947 -0.029428428 0.042486887 0.051336426 -0.030686714 -0.0055506323 -0.07460959 0.06308355 0.055223964 -0.06179023 0.019375792 0.00085863884 -0.042665415 0.097651534 0.040892694 -0.047315262 0.024142597 0.07288817 0.012556041 -0.03752267 -0.042097628 -0.065672725 0.028859751 -0.02125409 0.0026933805 -0.08606603 0.027053373 0.086408116 0.03765401 0.081072815 0.014564237 0.043578718 0.062773414 0.0027487944 -0.019170905 0.05377897 0.1551443 0.002667296 -0.015140815
collective -0.056089725 -0.020071626 0.101034746 -0.022532985 0.018230347 -0.019853162 -0.01745613 -0.004543071 0.012701612 0.037279885 -0.09332277 -0.024159383 0.016314764 0.07248095 0.0023669421 0.026497956 -0.066585965 0.034481958 0.047628604 -0.049146224 0.035201497 0.0014387658 0.0060714995 -0.017550642 0.038910896 -0.002481422 -0.059935197 0.08685995 -0.046015143 -0.042105526 0.09565346 0.039918978 0.006623592 -0.022741536 -0.13798945 0.015627207 0.022516431 0.049958933 -0.020890461 -0.024311531 0.076379 -0.03513018 -0.03625359 -0.0033690257 -0.0207016 0.046736196 -0.054235753 -0.09029186 -0.01731294 0.023454174 -0.02755718 0.0036994645 -0.06078238 0.0015159078 -0.0037266917 0.037000164 0.07698142 -0.10705729 0.018010816 0.0037942561 -0.10741642 0.03602217 0.01797415 0.022868706 -0.0606458 0.0046391324 0.026298165 0.053779244 0.06761558 0.06030895 -0.003215607 0.016130995 -0.053366236 0.04285687 0.009754672 0.036835607 -0.0201752 -0.15190607 -0.06740612 0.017943135 -0.03661265 -0.023125127 -0.039505776 0.058470845 0.090371355 -0.102131054 0.016979637 -0.03061989 0.03662553 0.015582239 -0.04742345 -0.015085277 0.023707824 0.027642703 -0.060044654 0.014520403 0.053389072 -0.052553456 -0.048179198 0.090466835 -0.021990078 -0.11413406 0.12967034 0.09207245 -0.06994335 -0.023168946 0.09570033 -0.073573686 0.01109864 0.027477888 -0.048099924 0.08243274 -0.012749036 0.09400232 -0.049154527 0.036524232 -0.014594784 -0.0545131 0.017728584 -0.042046756 -0.050993957 0.023174794 -0.010866878 0.039036587 0.017366704 -0.041248117 -0.07352674 0.044684 0.012408598 -0.017097827 -0.110849075 -0.00494501 -0.024313178 -0.019884307 -0.029303974 0.047094107 -0.015470949 0.0018938383 0.1005382 -0.07281153 0.08648244 -0.07081399 0.003301951 -0.14421988 0.006695958 -0.013323652 0.029573232 0.010180098 0.0028098358 -0.03371127 -0.07495674 -0.09298825 -0.0010415927 0.021689154 0.032075845 0.027278624 -0.03668607 0.027116092 0.028960302 0.008975211 -0.10392595 0.057497468 0.005071875 -0.04855851 -0.028598584 0.052162837 0.014386127 0.09622599 0.03557861 -0.014219923 0.0143664265 0.046503454 0.03311607 0.089216046 0.030755036 0.036600605 0.018967073 0.01626419 -0.063483424 0.10029408 0.0026405905 -0.0137592275 0.047860898 0.041469477 0.083951935 0.10018509 0.042145103 -0.07368667 -0.049414404 -0.11190354 0.0056900494 0.034674678 0.031847067 0.016654948 -0.08485698 -0.045233157 0.075075924 -0.087615594 0.028492916 0.07949876 -0.05345227 -0.050711893 0.07277259 -0.007968699 0.02770185 0.14118956 -0.07984676 0.04763177 -0.01407329 0.022837143 0.007990355 -0.082702294 0.015841026 -0.048021972 0.09496467 0.001654478 0.03226163 0.101187184 0.028179934 -0.029174633 0.031075982 -0.0025199782 -0.03380489 0.020026783 0.05214074 0.04533619 -0.049000613 0.007844782 0.10569336 -0.09748538 0.10387864 0.05430995 -0.05056326 0.033168007 0.024139738 0.00033123142 0.0042679613 0.09898495 -0.035583146 0.07448714 -0.008359757 -0.058809463 -0.09848896 0.14047764 0.05650312 -0.013449747 0.078320034 0.12559655 0.08846125 0.044573106 0.051109914 0.004000456 0.092522375 -0.08817018 0.006979526 -0.045759127 0.051298972 -0.08832091 0.0017727384 0.043788984 0.020726759 0.09319639 -0.0695038 -0.0345043 0.06850419 0.0076171337 -0.0016231742 0.006381301 -0.06074776 0.0042847646 0.098169975 0.028956255 0.12033112 -0.03927642 0.007860713 -0.072723575 -0.083654016 0.09043059 0.04123362 0.057603285 0.046969924 -0.19037123 -0.04562921 -0.030852297 0.06762151 0.03755493 -0.028791782 0.0016140766 0.043911465 0.08119907 -0.007552079 -0.053733394 0.09550018 -0.04876506 0.04800586 0.05023782 -0.008057409 0.074613556 0.090486206 -0.11832289
anomaly -0.05200447 -0.01160717 0.026540505 0.061389998 -0.031226685 -0.11388426 0.0014495095 0.036943946 -0.025406118 0.06577691 0.025869647 0.076052666 0.022711646 -0.050699946 -0.026176585 -0.023284694 0.02655742 -0.06388086 -0.034556177 -0.055304494 0.08340067 -0.011668175 0.07276687 -0.05635278 0.034011777 -0.0126789035 -0.055063564 0.08656959 0.029354375 0.04848052 0.08715976 0.097800046 -0.028691096 -0.04546941 -0.012951347 0.04609797 -0.017811535 -0.13231009 -0.042717215 0.051416166 -0.010813268 0.06574485 -0.008606342 -0.061205 -0.06898632 -0.0056981505 -0.06428578 0.03171732 -0.05404429 0.03754625 -0.040438723 -0.06494616 0.017334439 -0.0072995517 -0.026794555 -0.056050006 -0.069217645 -0.0024778259 0.010433094 0.03143667 -0.09699115 0.029501362 -0.0820578 0.039056636 -0.03822032 -0.059786353 -0.014934078 -0.035857342 -0.007057916 -0.014497044 0.0898073 -0.0191258 -0.04726538 -0.011890188 -0.05357181 0.07490718 0.05292476 -0.105299406 0.016928235 -0.047928717 -0.05891194 -0.023659797 -0.041533493 0.01293636 0.006908395 -0.049693376 -0.042815607 0.011192225 0.01053515 0.084422596 -0.03230297 -0.047338426 0.012580747 0.07049105 -0.0289876 -0.002695027 0.022607608 -0.053636137 -0.051389065 0.0524536 -0.009816708 0.028437346 0.047276516 -0.04581015 -0.0109440405 -0.007975665 -0.007268192 0.09278289 0.059249524 -0.034973238 -0.0027470517 -0.022769064 -0.022230169 0.05171149 0.090278976 -0.04928452 -0.008372921 -0.095662646 -0.052814357 -0.025497269 0.13402818 -0.012078168 -0.014946184 0.04575229 -0.07410488 -0.05793354 -0.077995755 -0.0010143246 -0.10628586 -0.0461022 0.044230837 -0.03738428 -0.013754988 -0.005174639 -0.19453298 0.040701862 -0.014134347 -0.018419107 0.12955484 -0.07192406 0.046777796 -0.03187152 0.005548776 0.017181627 -0.036081847 -0.037052505 0.081776224 -0.04090548 0.043075323 0.001184781 -0.06934819 0.008825232 -0.007274792 -0.00030847397 -0.070679635 0.05632988 0.055809446 0.0081532225 0.1168438 0.04107887 -0.012518522 0.0017368392 -0.09471298 0.01254366 0.018358555 0.06494816 -0.027057549 0.0010482753 -0.04454194 0.01889449 -0.029035147 0.018075932 -0.03555014 0.07328719 -0.009387731 -0.08663077 -0.05111893 0.0050534015 -0.0053651487 -0.015979484 -0.030648667 0.039669916 0.050021846 0.021507295 0.017125342 0.08863529 0.14999203 -0.01494903 0.10603053 0.014815155 -0.09798701 0.07375009 -0.04819556 0.023714632 0.04017703 0.013063622 0.023118982 -0.048378065 0.11437315 0.012721858 0.091304705 -0.060876705 0.051604554 0.03829716 0.004421541 -0.03686722 -0.09320345 0.00622368 0.004097828 -0.10478247 -0.046507977 -0.048569925 -0.10174897 -0.045857865 -0.045165665 -0.12631541 0.10242319 0.07301454 -0.017515818 -0.038411878 0.07452368 -0.099770404 0.13963546 0.09007861 0.0022117833 -0.029196989 0.09751733 -0.0030301092 -0.002162843 -0.02482899 -0.09299311 0.031980567 0.027928904 0.0031707075 -0.03768578 -0.07277503 0.033097535 0.051429737 0.030806301 -0.021644067 -0.07557404 0.015386461 0.013050651 0.010610708 0.031418983 -0.0074769086 -0.040913526 0.016623864 -0.01965012 0.01065699 -0.020413356 -0.06666655 0.0025631685 0.06081334 0.011419801 -0.057972617 0.047186505 0.119644776 -0.048929885 -0.07626469 -0.04536677 0.044662546 0.09243163 0.15860854 -0.041081384 -0.052994315 0.010156401 -0.007041563 -0.028912682 0.046173364 -0.08548027 0.036632717 -0.02754317 0.033362534 0.02883086 0.0018642938 -0.014349852 -0.11837209 -0.06836728 0.104639694 0.054359738 -0.076181546 -0.010614391 0.061537217 0.05898902 0.044669777 0.05010543 0.070371166 0.12935688 0.079232216 -0.0248128 0.0006824198 -0.12907194 0.019168451 0.0543239 -0.1527942 0.0921179 -0.075654924 -0.08730614 0.03574399
normal 0.06003351 -0.07937002 -0.056993324 -0.05678022 -0.05126325 -0.014919415 0.08667099 -0.06871491 0.07482176 -0.051260103 0.022254664 0.048452184 -0.006604614 -0.038803246 -0.07637948 0.051191945 -0.030602977 -0.022643603 -0.006503481 0.04297133 -0.031814404 -0.009736457 -0.015892535 -0.07885032 0.0012997342 -0.09470608 -0.015193432 0.09000781 -0.029721484 -0.0011067456 -0.08188444 -0.013533099 -0.009158686 0.05233011 -0.039291147 -0.010482315 0.025976041 0.045504153 -0.044260338 0.09855318 0.10575861 -0.0685086 0.09911915 -0.051565304 0.13605118 0.028306255 0.0023807874 0.013408755 -0.065637864 0.07908487 0.020348271 0.07046038 0.0608792 0.05477688 0.06856461 -0.029835878 0.030581921 0.10750573 0.016761467 0.011436189 -0.09322393 -0.03256695 -0.053529344 -0.02869024 0.06689046 -0.1311757 -0.040855307 -0.017701631 -0.0563824 0.10228763 -0.0560188 0.089384116 0.03869045 0.01497452 0.029445743 0.03218655 0.05336755 0.0008565514 0.04970638 -0.009110016 0.122073516 -0.1414802 0.058838144 -0.01847175 -0.06935774 0.015426742 0.14100344 -0.19465527 0.048477072 0.04280404 -0.13229492 -0.031029603 0.010478037 0.054048557 -0.010312798 -0.06381442 -0.080782786 -0.005675543 -0.026832046 0.0064485525 -0.09000793 -0.038342103 -0.048333872 -0.08334605 0.027070863 -0.05890245 0.045266405 0.021967039 0.016418181 0.024185363 0.044252224 -0.061751686 -0.08042823 -0.008889756 0.025127761 -0.00722881 -0.11331959 -0.019286508 -0.07766421 -0.10304903 -0.05528087 0.08812615 -0.03397931 0.044687137 -0.029840985 -0.03645223 0.054406255 -0.032606523 -0.01848561 -0.02258545 0.056009997 -0.026520418 -0.053375177 0.033571772 -0.021023769 0.042159673 0.080561556 0.009296068 -0.039791424 0.056463495 0.06385221 -0.055077955 -0.007254833 0.010952661 0.018834492 0.022781268 0.006337891 -0.07792729 0.06415267 0.14092885 -0.024568046 -0.034884073 -0.049615663 -0.08928826 0.09028091 0.07398073 -0.06060246 0.08908992 -0.08193388 0.031439207 0.07347908 -0.07946197 0.014336282 0.07642701 0.017778473 -0.009078663 -0.006541008 -0.09770358 -0.024744641 -0.07880164 -0.008975846 -0.006788079 -0.011248592 -0.12060521 0.05438389 -0.027391504 0.007984787 0.12186204 0.07311558 -0.0061934832 -0.039442122 0.031587332 -0.039833806 0.019580757 -0.04108063 -0.051938955 -0.023893043 0.03756757 0.03461471 0.021709513 0.06132303 -0.019321999 -0.04139069 -0.006343441 0.01653588 0.015430716 0.00584271 0.06987102 0.08961316 0.08089719 0.048365872 -0.0314862 0.044972558 -0.017334983 -0.016311234 0.042603333 0.04039431 -0.023809142 0.0063293786 0.035143826 -0.012113206 0.05997471 0.0124933915 0.011398242 0.0671612 0.055669412 -0.057867948 -0.0053284094 0.057410277 -0.09409982 -0.002052766 -0.0061845123 -0.09497113 -0.016477337 0.00994883 0.0494585 0.011723332 -0.05548847 -0.020580893 -0.052001685 -0.09378149 0.007949838 -0.034296494 -0.07716653 -0.00208057 -0.059979532 -0.039029166 0.006854281 0.08994098 0.015134631 0.12230475 0.0007229179 -0.050843332 0.005438791 -0.04941406 -0.029211018 -0.02750555 -0.022001123 0.06090741 -0.0063002165 -0.05244267 -0.034484405 -0.047246173 0.003685334 0.005965548 -0.033659376 0.04225939 0.12882741 -0.0047035934 -0.0018431327 0.025951525 0.15797336 -0.021555431 -0.049663976 0.023665484 0.032056946 -0.15583336 0.014425024 -0.027627286 -0.051430646 -0.096051596 -0.014288049 -0.05256262 0.06431732 0.008699202 0.0112487385 -0.024195377 0.014562469 -0.023868814 -0.0073676575 0.10745001 0.029147577 0.05534788 -0.053274393 0.039576095 0.1281153 -0.053165346 0.0043575624 -0.006880596 -0.060262486 0.10417667 0.0029539505 0.03624341 -0.03492883 -0.011520215 0.02762313 0.030523114 -0.106356956 0.05155183 0.03530941
exception 0.042239238 -0.034835383 0.0032534297 -0.0059759617 0.07164883 0.021525618 -0.0020055284 0.08148196 0.042891793 -0.015296121 -0.06580014 -0.115946285 -0.036456272 0.07766505 -0.055483673 -0.057195093 -0.0069437 -0.041937467 0.013266121 0.022737093 -0.014986498 -0.03372939 0.09699263 0.037761178 0.009941966 0.08895579 -0.028147528 0.020764511 0.1105284 -0.059027262 0.055177618 -0.0010809398 -0.026862249 -0.07395898 -0.036675055 -0.05901142 0.12649816 0.1367174 -0.015378387 -0.0676389 0.114288785 0.09894072 -0.022548035 -0.017134707 0.00056215696 0.058008656 0.053098917 -0.0817171 -0.019557716 0.020126438 -0.036413193 0.076710366 -0.005287757 0.0347869 0.03192119 0.04190868 -0.04277746 0.06258018 0.016197108 -0.011790378 -0.08115975 0.046570636 0.030601218 -0.05930195 0.063070476 -0.023297753 -0.058404997 -0.054425925 -0.08251139 0.09802561 -0.07883437 -0.08141877 -0.0900626 0.024469478 -0.013816285 -0.0028637208 -0.05256612 -0.06524281 0.08230892 0.031853672 0.075287916 -0.057264246 0.050953433 -0.028363628 0.026493838 -0.04545834 -0.04549516 -0.0154111395 0.028963314 0.07354076 0.035276692 -0.02922088 -0.0064450833 -0.061445888 -0.02222268 0.09321671 0.073539965 -0.01889384 0.05251414 -0.009081335 -0.035069607 -0.043170784 -0.047711022 -0.011383447 -0.010769259 -0.023436934 0.064417854 -0.0613331 -0.022514338 -0.0058821235 -0.0018274115 -0.05584503 0.057703923 -0.07222397 -0.0084315585 0.01935166 0.06943525 -0.02732062 0.009589634 0.013096996 0.019582752 -0.029048739 -0.029166413 0.049056742 -0.09108055 -0.04812131 -0.02113697 0.054883435 -0.018459605 0.067403935 -0.033334784 0.046108596 0.059253648 0.07494321 0.05822001 0.036106415 0.037021704 0.098029874 0.053238865 0.03461389 0.05405082 -0.048754312 -0.096373595 0.052161504 -0.06269827 -0.00552843 -0.15176241 0.0057492927 -0.027242718 -0.043536913 0.00051371794 -0.084045015 -0.05499653 0.040554367 0.004483462 -0.11077161 0.019183574 -0.025505878 0.052433036 -0.11235692 0.082594745 0.005059367 -3.975224e-05 -0.011007097 -0.1015929 -0.009372549 -0.033333365 -0.123134285 0.07304227 -0.019061651 -0.051783077 -0.016462246 -0.038233135 -0.03625351 0.049854174 0.022905348 0.026742233 -0.018033564 -0.06343248 0.029474393 0.0046582 -0.056189194 0.032547724 0.14267056 -0.12799168 0.109970406 0.0890606 -0.07915152 0.09581323 -0.021775076 0.06742567 0.0139870765 0.016397988 -0.006395667 -0.032859214 -0.015062372 0.19101788 -0.026467977 -0.1099075 -0.13803494 0.019922722 0.012894129 -0.009580337 -0.05983951 0.06106294 0.0052638706 -0.06471028 -0.049863946 -0.07354229 0.048541732 -0.06033932 0.020154472 -0.0148173 0.017534472 0.07960128 0.072762944 0.032748163 0.08661016 0.06531876 -0.000991945 -0.06981765 0.07452462 0.019030055 -0.0016676111 0.014241225 0.009998173 0.10275124 0.042931914 -0.025417784 -0.021936696 0.014860244 0.021346256 0.10409828 -0.050931126 0.042266306 -0.08069674 0.08216608 -0.02063409 0.027845915 -0.00198977 0.021885822 0.018936224 -0.116237536 -0.055123124 -0.035976928 -0.025956115 0.031824604 0.021815855 0.027134696 -0.013051796 0.08312668 -0.014517544 0.035749186 0.05274936 -0.0362092 -0.06833534 -0.14035529 0.029803919 0.022438727 -0.009167043 0.01696801 0.10538695 -0.018215237 0.087156005 0.00996261 -0.065292686 0.08685219 -0.01402705 0.04308288 -0.0077520264 0.0135511635 -0.052900847 0.0643307 -0.0668579 -0.05926613 -0.0056245895 -0.009645444 0.064785644 0.030202616 0.07727902 -0.10922803 -0.0035072828 0.00825463 -0.053946964 -0.0628442 -0.0039351643 -0.09200441 -0.08433105 0.009309702 0.11845034 -0.021016734 -0.026331535 -0.06411398 0.0371048 -0.014521119 0.09858023 -0.043396264 -0.062582836 0.006737191 0.023827514
rule 0.030670678 0.13340195 0.04798093 -0.01188153 0.052161086 -0.10546251 0.07284721 0.020978738 0.032839637 0.08352937 0.12258327 -0.07004673 0.02348758 -0.02770736 -0.03323614 0.03177775 0.011814686 -0.0093363365 -0.013681034 -0.017116804 0.01475167 0.03911374 0.052456487 0.0016623288 -0.053218357 0.052046996 -0.096560396 0.08313964 -0.006075998 0.04767621 -0.037799925 -0.012075079 0.044567633 0.031179784 -0.037735984 0.07473968 -0.008866733 0.054161202 0.010135328 0.032436877 0.065748684 0.03000315 0.024472713 0.025912814 0.060775246 0.0045513054 0.0043209167 -0.07362192 -0.06033672 -0.016811593 0.08543522 0.03147886 0.005424782 -0.07863798 -0.033322375 -0.0781851 -0.05790126 0.08344101 0.040441412 -0.045157533 -0.033224937 -0.020199858 0.06051933 0.03505777 0.052917525 -0.048486277 0.018401252 0.042849243 0.052996848 0.06055658 -0.06879301 -0.054013446 0.081253454 0.0075780647 -0.056011822 0.03954889 0.006993499 -0.0051981476 0.017009655 0.06884803 0.01711295 -0.026113475 0.0015805742 0.12165637 0.024581438 0.10422144 -0.003914432 -0.10144879 -0.04637606 -0.037344396 -0.024989989 0.10341694 0.07137417 -0.0037414923 -0.021329489 0.050984003 0.03258955 0.005152069 0.10840886 0.024063637 0.017494949 0.05584397 -0.037682638 -0.1246481 -0.01810317 0.04823767 0.051139295 0.03222066 -0.045763865 -0.026724707 0.006718174 0.030372286 -0.03618149 0.012579362 -0.020062655 -0.03296414 0.07063501 0.027109152 0.05495594 -0.037473623 -0.06137815 -0.007846587 -0.058692638 0.06935473 -0.17232566 -0.018427024 0.12106853 -0.06883938 0.03268196 0.050191537 -0.103562124 -0.043909777 0.062198896 0.053361025 0.04583274 0.07941406 0.015829884 0.054098308 0.027731651 0.01725788 -0.0043248166 -0.054965876 0.07161997 -0.085841075 0.11455057 0.102722585 -0.009309556 0.044980545 0.016565276 -0.019758767 0.088638864 -0.008530083 0.047660936 -0.055594046 -0.0073041692 -0.005971381 0.036258128 -0.062193956 0.09685226 -0.10350882 -0.13697265 -0.016759172 0.061891146 0.04805855 0.13642155 0.07091552 -0.03648431 0.04307294 -0.034507025 -0.09398784 0.015183983 0.051340535 0.118000716 -0.04194817 0.028801484 -0.029829068 0.026385495 -0.047285352 -0.016297 -0.0034014878 -0.021912273 0.026703069 0.0110588595 -0.08293883 0.0006667911 0.057497494 0.020529913 -0.035202894 0.0073447493 -0.014950771 -0.07519692 -0.031300798 0.08664225 -0.0049775173 0.10177533 0.038096424 -0.08330341 -0.08312128 1.25856395e-05 0.011173488 -0.12622276 0.03555585 0.11224409 -0.009052562 0.04298527 -0.0030332976 -0.03335199 -0.070908666 0.017549532 0.09578816 -0.09944063 0.080681495 0.021788374 0.053398356 0.0141628515 0.03348837 0.00094125216 0.090195805 -0.00018094425 0.0084779 -0.050323933 0.031295463 0.070869245 -0.0023352867 -0.10176981 -0.019142201 -0.14816628 -0.009830117 0.049280167 -0.10360587 0.01988004 -0.045376033 0.007519202 0.0843136 0.070203364 -0.013293524 0.04927291 0.04012576 -0.03938733 0.035099946 -0.07949007 0.042847414 0.010094049 -0.10089577 -0.028835086 0.08265524 -0.0059819333 -0.048053313 0.057056107 -0.0067361696 -0.089840345 -0.0596042 0.08298113 -0.08100398 -0.043503188 0.053776603 -0.0032534916 0.05722832 -0.013673784 0.0074729524 0.074630976 -0.010990283 0.08614548 -0.014856158 -0.012561165 0.09838172 -0.0012290062 -0.087905705 0.039546397 -0.021221729 0.023311721 0.033739377 -0.064978816 -0.04962265 0.018123843 0.0129474 0.13785514 0.00057574845 -0.0063008647 -0.10833693 -0.06452887 -0.03926716 0.050422095 -0.029247941 0.034722805 0.061129045 -0.0061130184 0.0045253667 -0.070247635 0.091137476 0.01836693 0.05093577 -0.045367353 -0.017394088 -3.4412442e-05 0.124081455 -0.009970721 -0.07437375 -0.058714803 0.039040837
chaos 0.012608665 -0.07340812 -0.024596184 -0.14171872 -0.0121200625 -0.027481062 -0.068233 -0.105457224 -0.01404023 0.028287157 0.049530808 0.06146214 -0.043381225 -0.0377331 0.031805098 0.021275196 0.0011712231 0.013214857 -0.005837041 -0.011156162 -0.09675052 0.05575878 -0.011708218 0.042102605 0.019399563 -0.001546185 0.010407174 0.037245676 0.018993836 0.06930468 -0.013959684 0.006262462 -0.05325698 -0.10292067 -0.005813844 -0.08117538 -0.024107995 -0.026128 0.110442415 0.03582428 0.026587036 0.07429617 0.025710516 -0.04114185 0.07051863 -0.05038106 0.01424145 0.006383279 0.0025326086 0.008822283 0.088518314 0.049615745 -0.09195171 -0.048812177 0.07323282 0.04752002 -0.18337098 -0.010562827 0.04982149 0.056156248 -0.002955138 0.06812914 -0.031123968 0.0034741804 -0.09091735 0.01767469 -0.029572422 0.052091688 0.07633754 -0.07159657 -0.11208655 0.01680366 -0.01723787 0.057176355 0.03707433 -0.02912392 0.083454624 0.100481756 -0.07655665 -0.025697248 0.0402872 -0.015840782 0.011812354 0.023265561 -0.0016779922 0.081424266 -0.07411213 -0.014929665 0.11469383 0.0083087105 0.08842062 0.06888022 0.07484204 0.008618926 -0.034464672 0.114755586 -0.014614751 0.049614713 -0.025461048 -0.01345503 -0.027763596 0.058293767 -0.10215139 0.053670358 -0.022073159 -0.033290796 0.012326474 0.062201813 -0.060264148 0.04253692 -0.09829447 0.03513081 -7.479478e-05 -0.15259403 0.017749807 -0.098493055 0.04932357 -0.000584681 0.02452117 0.05173496 -0.03205223 0.025022175 0.103642635 -0.037559982 0.089053676 -0.01388668 -0.036969036 0.15332809 -0.04240791 0.08236132 -0.0043957075 -0.055187993 -0.17146489 -0.03550109 0.020596009 0.021705171 -0.09799194 -0.0049360865 -0.13826093 0.05385748 0.04567741 -0.02245137 0.019265927 -0.08816177 -0.03538104 -0.0113830725 0.056596186 0.088830814 0.019199513 -0.0016294569 0.06986843 -0.011369087 0.1081351 -0.033158407 0.030223677 -0.11431937 -0.028435763 0.10096018 0.05154081 0.05482936 -0.036123298 -0.021705482 0.038003217 -0.006919146 0.0010223577 0.08030093 -0.010046646 0.12914251 0.040436536 0.010038709 -0.06897092 0.018902047 -0.03433745 -0.018640285 0.02949916 0.024658652 0.0832734 0.021892611 0.0031534643 0.0137093235 0.04084953 0.064096205 -0.004789063 0.006795656 0.027386157 -0.028082738 0.043726504 -0.005567365 -0.055949014 0.076665856 0.079262316 -0.010665949 -0.02737544 -0.07021393 -0.012196414 0.045608245 -0.0006359774 -0.03353566 0.05821779 0.1307268 -0.041690484 -0.091049366 -0.023392817 0.03081625 -0.04073161 -0.035470802 0.02125572 0.06324417 0.017489836 0.07646837 -0.027687952 -0.02434892 -0.02218319 0.11926102 0.07921895 0.04524592 0.058652643 0.021594837 -0.03565719 -0.110398844 0.12188887 -0.02762896 0.005216484 0.05156101 0.111592956 -0.059975043 -0.026042746 0.0014865184 -0.00216572 0.04960056 0.06588795 -0.030380597 -0.021849379 0.019759318 0.05443401 0.027378447 0.0013180912 0.032956872 -0.08311841 0.062218267 -0.08219082 -0.010592016 0.043977622 0.0024458356 -0.03861601 -0.08335203 -0.06948562 0.029529393 0.041637644 0.01730946 0.1270205 -0.017250173 0.06742566 0.07803904 -0.004326049 -0.036966518 -0.07240763 0.00394202 -0.021944003 0.04459186 -0.028520983 0.13728854 -0.017732164 0.052809875 0.10850523 0.026310433 -0.09645939 -0.053950116 -0.020889163 -0.02653355 -0.045764886 -0.028352132 -0.021968925 -0.06905819 0.06746427 -0.012377367 0.026458587 -0.055254098 0.045289505 0.0040094214 0.029899728 -0.0005169804 0.011143767 -0.07587206 -0.0005050595 -0.05490327 -0.010405967 0.09916764 -0.014755145 0.05119123 0.017190354 -0.02417487 -0.010059019 -0.03045289 -0.0022107651 -0.077613056 0.05754957 0.09545708 0.010183782 -0.027182749
harmony 0.022207147 -0.049297385 0.11070342 -0.00025883666 0.005067691 0.0072127944 -0.026622884 -0.019271811 0.042144258 -0.009515526 0.17133111 0.0559154 -0.060564633 0.041912876 0.08317938 -0.007864792 -0.051025834 -0.026927173 -0.07168208 0.03748749 0.08527309 0.029079499 -0.041931618 0.08741129 -0.011190789 0.014904589 -0.0215962 -0.09240456 0.023979029 0.00436964 0.024519505 0.009841289 0.042389356 -0.054435976 0.053057395 0.09448982 0.058903694 -0.070453994 -0.031149149 -0.021777248 -0.013964797 0.020639544 -0.004856871 0.038514487 -0.091954805 -0.00031650875 0.03727894 0.06469215 0.024262063 0.07125042 0.037108846 0.030489339 -0.00044677447 -0.100114614 -0.07656796 -0.04864561 0.022310786 0.052851304 0.09601127 0.022496259 -0.07002524 0.026658997 0.036070384 0.0402126 -0.06008935 -0.013258156 0.071480416 0.08409654 -0.064767845 -0.000103795246 0.021992216 -0.041161906 -0.037349284 0.053801935 -0.0012640144 -0.065117426 0.008528967 0.03296589 -0.008515781 0.039011285 0.0024075515 0.008809085 0.053549834 0.047356155 -0.026494473 0.0055170017 0.018300308 0.09991975 -0.062233318 0.017375128 0.050075635 0.024848092 0.011738034 -0.08326358 0.05279033 -0.06913543 0.06960206 -0.07217974 -0.010852716 -0.025185527 0.014727422 0.044502642 0.11666258 0.11917434 0.050947245 -0.06390913 -0.00058172335 -0.01221575 0.088140376 -0.060643367 -0.018487519 -0.04000208 -0.086939566 -0.07884975 -0.084155835 0.020297287 -0.046536695 0.09270822 -0.049471408 -0.062172208 0.051668786 -0.045690767 -0.0023063016 -0.048220944 0.06006347 0.005812319 -0.09622679 -0.070523694 0.067653276 0.050695635 0.03165729 0.04770103 0.06785707 -0.010721726 -0.011906267 -0.014488771 -0.036541887 0.10826491 0.0028903605 0.06936726 -0.123996854 0.043286964 0.015468009 0.011597441 -0.036814563 -0.009397644 -0.0477459 -0.033172257 -0.01023329 0.03385647 0.0654915 0.024601376 0.026117345 -0.016979823 -0.04039406 -0.042545598 -0.019406274 0.02503306 -0.034462966 0.013532929 0.09279237 0.09916504 -0.00646847 -0.07059317 0.003676764 -0.035427056 -0.059637874 -0.03447267 0.023367977 0.020686133 0.05791989 -0.0802001 0.05950668 -0.033975974 -0.0757087 -0.049772482 0.012995057 -0.04286232 -0.04159801 0.08453772 -0.06832471 -0.007005264 0.030410577 -0.038639795 -0.043100096 -0.056083094 -0.022975964 0.058486287 -0.012867698 0.0047081457 -0.01725148 0.09482471 0.004566603 -0.006273579 -0.038932092 0.054753557 0.004809993 -0.07324712 0.019931756 -0.032696854 0.060047477 0.08053919 0.12188129 -0.1183962 0.04711222 -0.04432177 -0.07910301 0.07027495 -0.055400666 -0.011704991 0.08886154 0.09557804 -0.12082962 -0.1217265 0.027145542 -0.02465789 -0.0052496167 -0.11255158 -0.11638034 0.0553447 -0.11763453 -0.06428489 -0.002151079 0.14976633 0.06459081 0.011855669 -0.030342301 -0.044871338 -0.0286517 0.039745364 0.04948438 -0.035758935 -0.041697413 -0.03776651 -0.021793205 -0.012797607 -0.037194587 0.018057726 0.040671248 0.078083955 -0.016638985 -0.1412614 -0.1342951 0.027601525 -0.025790814 -0.03251819 -0.13683072 0.06783402 0.004598356 0.045540284 0.028423214 -0.026633857 0.02978358 -0.14129896 0.050251793 0.063602395 -0.005971056 -0.033104125 -0.017424421 -0.09982815 0.01635158 -0.06006248 0.03330054 -0.0008699681 -0.007703554 0.050466396 0.017529743 -0.020266943 -0.019509118 0.08692562 -0.020632833 0.11886931 0.0010641734 -0.0038968413 -0.030047245 -0.089183375 -0.043189682 -0.015493947 -0.009413521 0.029254911 0.039483666 -0.02079399 -0.09162245 0.11120555 -0.039623637 0.056568522 -0.09914389 0.04411755 0.06982662 -0.02419534 -0.025426695 0.09989395 0.076888315 -0.048786923 -0.04809738 -0.060183477 -0.12863272 0.061791074 0.035519022 -0.021855054
